reservation_id,property_id,checkin,checkout,nights,gross_revenue,cleaning_cost,travel_cost,laundry_cost,turnover_date,is_sunday_or_holiday
demo-1br-01-r1,demo-1br-01,2026-01-01,2026-01-06,5,539,52,13,9,2026-01-06,false
demo-1br-01-r2,demo-1br-01,2026-01-08,2026-01-09,1,44,56,14,10,2026-01-09,false
demo-1br-01-r3,demo-1br-01,2026-01-10,2026-01-12,2,75,51,19,10,2026-01-12,false
demo-1br-01-r4,demo-1br-01,2026-01-14,2026-01-15,1,91,51,16,9,2026-01-15,false
demo-1br-01-r5,demo-1br-01,2026-01-17,2026-01-18,1,86,53,12,8,2026-01-18,true
demo-1br-01-r6,demo-1br-01,2026-01-20,2026-01-27,7,651,56,18,9,2026-01-27,false
demo-1br-01-r7,demo-1br-01,2026-01-29,2026-02-02,4,408,53,13,9,2026-02-02,false
demo-1br-01-r8,demo-1br-01,2026-02-03,2026-02-05,2,93,57,15,9,2026-02-05,false
demo-1br-01-r9,demo-1br-01,2026-02-08,2026-02-10,2,82,58,17,11,2026-02-10,false
demo-1br-01-r10,demo-1br-01,2026-02-13,2026-02-15,2,88,53,11,10,2026-02-15,true
demo-1br-01-r11,demo-1br-01,2026-02-18,2026-02-20,2,62,53,19,9,2026-02-20,false
demo-1br-01-r12,demo-1br-01,2026-02-22,2026-02-25,3,261,56,18,11,2026-02-25,false
demo-1br-01-r13,demo-1br-01,2026-03-02,2026-03-03,1,32,53,10,11,2026-03-03,false
demo-1br-01-r14,demo-1br-01,2026-03-07,2026-03-09,2,68,54,11,10,2026-03-09,false
demo-1br-01-r15,demo-1br-01,2026-03-12,2026-03-15,3,300,54,18,9,2026-03-15,true
demo-1br-01-r16,demo-1br-01,2026-03-19,2026-03-20,1,85,60,16,10,2026-03-20,false
demo-1br-01-r17,demo-1br-01,2026-03-23,2026-03-26,3,248,51,19,10,2026-03-26,false
demo-1br-01-r18,demo-1br-01,2026-03-27,2026-04-01,5,481,53,20,9,2026-04-01,false
demo-1br-01-r19,demo-1br-01,2026-04-03,2026-04-07,4,438,57,12,9,2026-04-07,false
demo-1br-01-r20,demo-1br-01,2026-04-07,2026-04-08,1,47,59,15,10,2026-04-08,false
demo-1br-01-r21,demo-1br-01,2026-04-09,2026-04-10,1,67,55,11,10,2026-04-10,false
demo-1br-01-r22,demo-1br-01,2026-04-11,2026-04-12,1,45,51,19,10,2026-04-12,true
demo-1br-01-r23,demo-1br-01,2026-04-13,2026-04-15,2,95,59,11,9,2026-04-15,false
demo-1br-01-r24,demo-1br-01,2026-04-16,2026-04-18,2,163,50,17,8,2026-04-18,false
demo-1br-01-r25,demo-1br-01,2026-04-23,2026-04-25,2,62,57,14,8,2026-04-25,false
demo-1br-01-r26,demo-1br-01,2026-04-30,2026-05-01,1,80,54,16,8,2026-05-01,false
demo-1br-01-r27,demo-1br-01,2026-05-06,2026-05-07,1,71,55,19,10,2026-05-07,false
demo-1br-01-r28,demo-1br-01,2026-05-07,2026-05-09,2,155,52,12,9,2026-05-09,false
demo-1br-01-r29,demo-1br-01,2026-05-10,2026-05-15,5,522,58,14,9,2026-05-15,false
demo-1br-01-r30,demo-1br-01,2026-05-18,2026-05-20,2,77,56,18,9,2026-05-20,false
demo-1br-01-r31,demo-1br-01,2026-05-20,2026-05-21,1,33,57,10,8,2026-05-21,false
demo-1br-01-r32,demo-1br-01,2026-05-26,2026-05-27,1,78,52,15,8,2026-05-27,false
demo-1br-01-r33,demo-1br-01,2026-05-30,2026-05-31,1,37,56,13,9,2026-05-31,true
demo-1br-01-r34,demo-1br-01,2026-05-31,2026-06-01,1,37,52,16,10,2026-06-01,false
demo-1br-01-r35,demo-1br-01,2026-06-03,2026-06-07,4,424,55,15,10,2026-06-07,true
demo-1br-01-r36,demo-1br-01,2026-06-09,2026-06-10,1,31,58,13,9,2026-06-10,false
demo-1br-01-r37,demo-1br-01,2026-06-12,2026-06-17,5,385,54,15,11,2026-06-17,false
demo-1br-01-r38,demo-1br-01,2026-06-17,2026-06-23,6,516,58,13,11,2026-06-23,false
demo-1br-01-r39,demo-1br-01,2026-06-28,2026-06-29,1,45,58,10,10,2026-06-29,false
demo-1br-01-r40,demo-1br-01,2026-06-29,2026-06-30,1,49,50,17,9,2026-06-30,false
demo-1br-01-r41,demo-1br-01,2026-07-01,2026-07-06,5,440,53,11,8,2026-07-06,false
demo-1br-01-r42,demo-1br-01,2026-07-09,2026-07-10,1,71,58,20,8,2026-07-10,false
demo-1br-01-r43,demo-1br-01,2026-07-10,2026-07-15,5,429,59,11,9,2026-07-15,false
demo-1br-01-r44,demo-1br-01,2026-07-15,2026-07-21,6,429,59,13,10,2026-07-21,false
demo-1br-01-r45,demo-1br-01,2026-07-26,2026-07-27,1,33,56,11,9,2026-07-27,false
demo-1br-01-r46,demo-1br-01,2026-07-30,2026-08-03,4,272,60,17,9,2026-08-03,false
demo-1br-01-r47,demo-1br-01,2026-08-05,2026-08-06,1,68,54,14,9,2026-08-06,false
demo-1br-01-r48,demo-1br-01,2026-08-06,2026-08-07,1,84,53,15,10,2026-08-07,false
demo-1br-01-r49,demo-1br-01,2026-08-11,2026-08-17,6,557,53,11,11,2026-08-17,false
demo-1br-01-r50,demo-1br-01,2026-08-18,2026-08-19,1,102,53,15,10,2026-08-19,false
demo-1br-01-r51,demo-1br-01,2026-08-24,2026-08-25,1,37,58,16,10,2026-08-25,false
demo-1br-01-r52,demo-1br-01,2026-08-30,2026-09-02,3,249,55,11,10,2026-09-02,false
demo-1br-01-r53,demo-1br-01,2026-09-07,2026-09-08,1,92,57,17,8,2026-09-08,false
demo-1br-01-r54,demo-1br-01,2026-09-08,2026-09-10,2,81,57,14,10,2026-09-10,false
demo-1br-01-r55,demo-1br-01,2026-09-12,2026-09-19,7,585,51,16,11,2026-09-19,false
demo-1br-01-r56,demo-1br-01,2026-09-23,2026-09-24,1,48,55,12,9,2026-09-24,false
demo-1br-01-r57,demo-1br-01,2026-09-27,2026-10-01,4,385,50,15,8,2026-10-01,false
demo-1br-01-r58,demo-1br-01,2026-10-06,2026-10-07,1,31,52,12,8,2026-10-07,false
demo-1br-01-r59,demo-1br-01,2026-10-08,2026-10-12,4,373,51,13,10,2026-10-12,false
demo-1br-01-r60,demo-1br-01,2026-10-12,2026-10-13,1,109,55,11,11,2026-10-13,false
demo-1br-01-r61,demo-1br-01,2026-10-13,2026-10-15,2,74,56,14,9,2026-10-15,false
demo-1br-01-r62,demo-1br-01,2026-10-20,2026-10-23,3,323,58,20,8,2026-10-23,false
demo-1br-01-r63,demo-1br-01,2026-10-24,2026-10-28,4,358,53,12,11,2026-10-28,false
demo-1br-01-r64,demo-1br-01,2026-10-31,2026-11-02,2,176,52,19,9,2026-11-02,false
demo-1br-01-r65,demo-1br-01,2026-11-05,2026-11-08,3,215,56,18,9,2026-11-08,true
demo-1br-01-r66,demo-1br-01,2026-11-09,2026-11-12,3,256,52,10,11,2026-11-12,false
demo-1br-01-r67,demo-1br-01,2026-11-14,2026-11-16,2,61,54,12,9,2026-11-16,false
demo-1br-01-r68,demo-1br-01,2026-11-16,2026-11-17,1,43,52,20,8,2026-11-17,false
demo-1br-01-r69,demo-1br-01,2026-11-19,2026-11-23,4,410,60,13,8,2026-11-23,false
demo-1br-01-r70,demo-1br-01,2026-11-28,2026-12-04,6,407,54,14,9,2026-12-04,false
demo-1br-01-r71,demo-1br-01,2026-12-09,2026-12-15,6,518,56,18,9,2026-12-15,false
demo-1br-01-r72,demo-1br-01,2026-12-18,2026-12-21,3,314,52,19,9,2026-12-21,false
demo-1br-01-r73,demo-1br-01,2026-12-24,2026-12-30,6,500,54,12,9,2026-12-30,false
demo-1br-02-r1,demo-1br-02,2026-01-04,2026-01-05,1,53,55,17,9,2026-01-05,false
demo-1br-02-r2,demo-1br-02,2026-01-07,2026-01-09,2,114,51,12,9,2026-01-09,false
demo-1br-02-r3,demo-1br-02,2026-01-10,2026-01-14,4,371,56,14,11,2026-01-14,false
demo-1br-02-r4,demo-1br-02,2026-01-17,2026-01-23,6,766,52,16,9,2026-01-23,false
demo-1br-02-r5,demo-1br-02,2026-01-27,2026-02-03,7,672,50,12,8,2026-02-03,false
demo-1br-02-r6,demo-1br-02,2026-02-06,2026-02-09,3,331,50,14,10,2026-02-09,false
demo-1br-02-r7,demo-1br-02,2026-02-14,2026-02-17,3,389,59,17,8,2026-02-17,false
demo-1br-02-r8,demo-1br-02,2026-02-22,2026-02-27,5,443,51,15,10,2026-02-27,false
demo-1br-02-r9,demo-1br-02,2026-02-27,2026-03-04,5,577,56,13,10,2026-03-04,false
demo-1br-02-r10,demo-1br-02,2026-03-09,2026-03-12,3,258,60,19,10,2026-03-12,false
demo-1br-02-r11,demo-1br-02,2026-03-12,2026-03-18,6,751,60,13,9,2026-03-18,false
demo-1br-02-r12,demo-1br-02,2026-03-22,2026-03-24,2,164,58,12,11,2026-03-24,false
demo-1br-02-r13,demo-1br-02,2026-03-24,2026-03-27,3,313,53,12,11,2026-03-27,false
demo-1br-02-r14,demo-1br-02,2026-04-01,2026-04-03,2,225,51,20,9,2026-04-03,false
demo-1br-02-r15,demo-1br-02,2026-04-06,2026-04-07,1,50,52,15,8,2026-04-07,false
demo-1br-02-r16,demo-1br-02,2026-04-10,2026-04-11,1,55,58,13,9,2026-04-11,false
demo-1br-02-r17,demo-1br-02,2026-04-16,2026-04-17,1,124,59,13,9,2026-04-17,false
demo-1br-02-r18,demo-1br-02,2026-04-22,2026-04-23,1,43,59,19,10,2026-04-23,false
demo-1br-02-r19,demo-1br-02,2026-04-23,2026-04-24,1,102,59,11,9,2026-04-24,false
demo-1br-02-r20,demo-1br-02,2026-04-24,2026-04-25,1,47,53,15,11,2026-04-25,false
demo-1br-02-r21,demo-1br-02,2026-04-27,2026-04-30,3,359,54,19,8,2026-04-30,false
demo-1br-02-r22,demo-1br-02,2026-05-01,2026-05-02,1,44,52,20,9,2026-05-02,false
demo-1br-02-r23,demo-1br-02,2026-05-03,2026-05-05,2,83,50,15,11,2026-05-05,false
demo-1br-02-r24,demo-1br-02,2026-05-06,2026-05-11,5,412,60,20,9,2026-05-11,false
demo-1br-02-r25,demo-1br-02,2026-05-13,2026-05-15,2,171,54,11,10,2026-05-15,false
demo-1br-02-r26,demo-1br-02,2026-05-17,2026-05-19,2,110,56,10,8,2026-05-19,false
demo-1br-02-r27,demo-1br-02,2026-05-21,2026-05-22,1,127,58,17,10,2026-05-22,false
demo-1br-02-r28,demo-1br-02,2026-05-22,2026-05-26,4,447,51,11,10,2026-05-26,false
demo-1br-02-r29,demo-1br-02,2026-05-26,2026-05-28,2,101,59,15,9,2026-05-28,false
demo-1br-02-r30,demo-1br-02,2026-05-29,2026-05-30,1,130,57,14,11,2026-05-30,false
demo-1br-02-r31,demo-1br-02,2026-06-03,2026-06-05,2,80,54,18,10,2026-06-05,false
demo-1br-02-r32,demo-1br-02,2026-06-09,2026-06-14,5,435,60,14,9,2026-06-14,true
demo-1br-02-r33,demo-1br-02,2026-06-18,2026-06-21,3,285,52,10,11,2026-06-21,true
demo-1br-02-r34,demo-1br-02,2026-06-23,2026-06-28,5,537,51,10,9,2026-06-28,true
demo-1br-02-r35,demo-1br-02,2026-06-28,2026-07-01,3,384,54,18,9,2026-07-01,false
demo-1br-02-r36,demo-1br-02,2026-07-01,2026-07-05,4,352,52,16,9,2026-07-05,true
demo-1br-02-r37,demo-1br-02,2026-07-05,2026-07-06,1,59,54,15,9,2026-07-06,false
demo-1br-02-r38,demo-1br-02,2026-07-10,2026-07-11,1,130,51,16,9,2026-07-11,false
demo-1br-02-r39,demo-1br-02,2026-07-14,2026-07-16,2,159,58,12,10,2026-07-16,false
demo-1br-02-r40,demo-1br-02,2026-07-20,2026-07-21,1,96,58,20,10,2026-07-21,false
demo-1br-02-r41,demo-1br-02,2026-07-23,2026-07-26,3,372,54,17,8,2026-07-26,true
demo-1br-02-r42,demo-1br-02,2026-07-29,2026-07-30,1,83,56,20,9,2026-07-30,false
demo-1br-02-r43,demo-1br-02,2026-08-03,2026-08-07,4,318,54,11,11,2026-08-07,false
demo-1br-02-r44,demo-1br-02,2026-08-11,2026-08-14,3,382,53,16,10,2026-08-14,false
demo-1br-02-r45,demo-1br-02,2026-08-17,2026-08-18,1,100,51,11,11,2026-08-18,false
demo-1br-02-r46,demo-1br-02,2026-08-22,2026-08-24,2,232,57,17,10,2026-08-24,false
demo-1br-02-r47,demo-1br-02,2026-08-24,2026-08-26,2,99,59,11,10,2026-08-26,false
demo-1br-02-r48,demo-1br-02,2026-08-31,2026-09-03,3,345,51,18,8,2026-09-03,false
demo-1br-02-r49,demo-1br-02,2026-09-08,2026-09-10,2,163,59,14,10,2026-09-10,false
demo-1br-02-r50,demo-1br-02,2026-09-12,2026-09-19,7,777,55,10,9,2026-09-19,false
demo-1br-02-r51,demo-1br-02,2026-09-24,2026-09-27,3,309,50,19,10,2026-09-27,true
demo-1br-02-r52,demo-1br-02,2026-10-01,2026-10-02,1,42,58,11,8,2026-10-02,false
demo-1br-02-r53,demo-1br-02,2026-10-06,2026-10-07,1,125,52,13,11,2026-10-07,false
demo-1br-02-r54,demo-1br-02,2026-10-08,2026-10-13,5,561,55,18,10,2026-10-13,false
demo-1br-02-r55,demo-1br-02,2026-10-14,2026-10-17,3,244,51,14,11,2026-10-17,false
demo-1br-02-r56,demo-1br-02,2026-10-19,2026-10-23,4,366,59,17,10,2026-10-23,false
demo-1br-02-r57,demo-1br-02,2026-10-25,2026-10-28,3,377,57,16,8,2026-10-28,false
demo-1br-02-r58,demo-1br-02,2026-10-30,2026-10-31,1,36,53,20,10,2026-10-31,false
demo-1br-02-r59,demo-1br-02,2026-11-05,2026-11-07,2,78,50,15,9,2026-11-07,false
demo-1br-02-r60,demo-1br-02,2026-11-11,2026-11-12,1,44,59,12,8,2026-11-12,false
demo-1br-02-r61,demo-1br-02,2026-11-16,2026-11-18,2,72,54,10,10,2026-11-18,false
demo-1br-02-r62,demo-1br-02,2026-11-22,2026-11-28,6,502,56,20,9,2026-11-28,false
demo-1br-02-r63,demo-1br-02,2026-12-01,2026-12-05,4,485,53,14,10,2026-12-05,false
demo-1br-02-r64,demo-1br-02,2026-12-09,2026-12-13,4,444,53,12,11,2026-12-13,true
demo-1br-02-r65,demo-1br-02,2026-12-15,2026-12-16,1,46,53,15,9,2026-12-16,false
demo-1br-02-r66,demo-1br-02,2026-12-20,2026-12-22,2,85,51,17,10,2026-12-22,false
demo-1br-02-r67,demo-1br-02,2026-12-25,2026-12-29,4,451,60,11,10,2026-12-29,false
demo-1br-03-r1,demo-1br-03,2026-01-01,2026-01-03,2,67,50,12,10,2026-01-03,false
demo-1br-03-r2,demo-1br-03,2026-01-05,2026-01-07,2,85,52,13,9,2026-01-07,false
demo-1br-03-r3,demo-1br-03,2026-01-09,2026-01-13,4,336,53,10,10,2026-01-13,false
demo-1br-03-r4,demo-1br-03,2026-01-18,2026-01-19,1,82,55,14,10,2026-01-19,false
demo-1br-03-r5,demo-1br-03,2026-01-24,2026-01-29,5,412,54,17,11,2026-01-29,false
demo-1br-03-r6,demo-1br-03,2026-01-29,2026-02-01,3,258,60,18,9,2026-02-01,true
demo-1br-03-r7,demo-1br-03,2026-02-04,2026-02-06,2,196,56,20,11,2026-02-06,false
demo-1br-03-r8,demo-1br-03,2026-02-11,2026-02-12,1,36,59,14,11,2026-02-12,false
demo-1br-03-r9,demo-1br-03,2026-02-14,2026-02-18,4,437,58,17,10,2026-02-18,false
demo-1br-03-r10,demo-1br-03,2026-02-22,2026-02-25,3,329,57,13,11,2026-02-25,false
demo-1br-03-r11,demo-1br-03,2026-02-27,2026-02-28,1,40,55,18,11,2026-02-28,false
demo-1br-03-r12,demo-1br-03,2026-03-03,2026-03-05,2,69,57,17,9,2026-03-05,false
demo-1br-03-r13,demo-1br-03,2026-03-05,2026-03-08,3,292,55,11,10,2026-03-08,true
demo-1br-03-r14,demo-1br-03,2026-03-09,2026-03-11,2,92,55,11,11,2026-03-11,false
demo-1br-03-r15,demo-1br-03,2026-03-13,2026-03-17,4,337,58,20,8,2026-03-17,false
demo-1br-03-r16,demo-1br-03,2026-03-18,2026-03-19,1,41,50,12,9,2026-03-19,false
demo-1br-03-r17,demo-1br-03,2026-03-19,2026-03-23,4,409,56,11,9,2026-03-23,false
demo-1br-03-r18,demo-1br-03,2026-03-28,2026-03-30,2,97,56,19,11,2026-03-30,false
demo-1br-03-r19,demo-1br-03,2026-03-30,2026-03-31,1,46,53,19,9,2026-03-31,false
demo-1br-03-r20,demo-1br-03,2026-04-03,2026-04-05,2,86,53,20,9,2026-04-05,true
demo-1br-03-r21,demo-1br-03,2026-04-10,2026-04-11,1,85,56,16,11,2026-04-11,false
demo-1br-03-r22,demo-1br-03,2026-04-11,2026-04-13,2,84,60,11,9,2026-04-13,false
demo-1br-03-r23,demo-1br-03,2026-04-17,2026-04-19,2,93,59,16,11,2026-04-19,true
demo-1br-03-r24,demo-1br-03,2026-04-22,2026-04-23,1,78,57,17,11,2026-04-23,false
demo-1br-03-r25,demo-1br-03,2026-04-23,2026-04-27,4,376,53,19,8,2026-04-27,false
demo-1br-03-r26,demo-1br-03,2026-04-29,2026-04-30,1,45,51,15,10,2026-04-30,false
demo-1br-03-r27,demo-1br-03,2026-05-05,2026-05-06,1,46,55,11,11,2026-05-06,false
demo-1br-03-r28,demo-1br-03,2026-05-09,2026-05-10,1,122,51,10,8,2026-05-10,true
demo-1br-03-r29,demo-1br-03,2026-05-14,2026-05-15,1,121,58,12,10,2026-05-15,false
demo-1br-03-r30,demo-1br-03,2026-05-19,2026-05-23,4,345,59,12,11,2026-05-23,false
demo-1br-03-r31,demo-1br-03,2026-05-24,2026-05-27,3,237,55,11,8,2026-05-27,false
demo-1br-03-r32,demo-1br-03,2026-05-29,2026-06-05,7,699,59,11,9,2026-06-05,false
demo-1br-03-r33,demo-1br-03,2026-06-09,2026-06-11,2,85,58,15,10,2026-06-11,false
demo-1br-03-r34,demo-1br-03,2026-06-12,2026-06-14,2,78,55,16,9,2026-06-14,true
demo-1br-03-r35,demo-1br-03,2026-06-14,2026-06-16,2,197,56,15,9,2026-06-16,false
demo-1br-03-r36,demo-1br-03,2026-06-21,2026-06-23,2,74,51,17,8,2026-06-23,false
demo-1br-03-r37,demo-1br-03,2026-06-25,2026-06-26,1,80,56,13,11,2026-06-26,false
demo-1br-03-r38,demo-1br-03,2026-06-27,2026-06-28,1,101,50,14,9,2026-06-28,true
demo-1br-03-r39,demo-1br-03,2026-06-30,2026-07-05,5,594,53,16,8,2026-07-05,true
demo-1br-03-r40,demo-1br-03,2026-07-09,2026-07-11,2,108,60,12,11,2026-07-11,false
demo-1br-03-r41,demo-1br-03,2026-07-11,2026-07-17,6,597,51,19,11,2026-07-17,false
demo-1br-03-r42,demo-1br-03,2026-07-17,2026-07-18,1,52,54,19,11,2026-07-18,false
demo-1br-03-r43,demo-1br-03,2026-07-22,2026-07-27,5,469,51,15,11,2026-07-27,false
demo-1br-03-r44,demo-1br-03,2026-07-30,2026-08-01,2,109,50,12,9,2026-08-01,false
demo-1br-03-r45,demo-1br-03,2026-08-05,2026-08-07,2,96,54,17,8,2026-08-07,false
demo-1br-03-r46,demo-1br-03,2026-08-12,2026-08-15,3,334,58,15,11,2026-08-15,false
demo-1br-03-r47,demo-1br-03,2026-08-17,2026-08-19,2,109,51,16,8,2026-08-19,false
demo-1br-03-r48,demo-1br-03,2026-08-21,2026-08-22,1,42,50,17,10,2026-08-22,false
demo-1br-03-r49,demo-1br-03,2026-08-27,2026-08-29,2,175,57,11,8,2026-08-29,false
demo-1br-03-r50,demo-1br-03,2026-09-02,2026-09-04,2,107,52,15,11,2026-09-04,false
demo-1br-03-r51,demo-1br-03,2026-09-07,2026-09-10,3,235,54,18,11,2026-09-10,false
demo-1br-03-r52,demo-1br-03,2026-09-14,2026-09-15,1,92,59,13,8,2026-09-15,false
demo-1br-03-r53,demo-1br-03,2026-09-20,2026-09-21,1,82,54,16,11,2026-09-21,false
demo-1br-03-r54,demo-1br-03,2026-09-23,2026-09-25,2,172,54,16,8,2026-09-25,false
demo-1br-03-r55,demo-1br-03,2026-09-29,2026-09-30,1,104,59,11,10,2026-09-30,false
demo-1br-03-r56,demo-1br-03,2026-10-01,2026-10-04,3,305,55,13,10,2026-10-04,true
demo-1br-03-r57,demo-1br-03,2026-10-07,2026-10-13,6,509,52,20,10,2026-10-13,false
demo-1br-03-r58,demo-1br-03,2026-10-13,2026-10-15,2,182,52,13,8,2026-10-15,false
demo-1br-03-r59,demo-1br-03,2026-10-19,2026-10-22,3,252,51,19,9,2026-10-22,false
demo-1br-03-r60,demo-1br-03,2026-10-23,2026-10-30,7,733,59,15,8,2026-10-30,false
demo-1br-03-r61,demo-1br-03,2026-11-01,2026-11-02,1,75,54,15,9,2026-11-02,false
demo-1br-03-r62,demo-1br-03,2026-11-06,2026-11-08,2,156,53,17,8,2026-11-08,true
demo-1br-03-r63,demo-1br-03,2026-11-08,2026-11-12,4,378,58,18,9,2026-11-12,false
demo-1br-03-r64,demo-1br-03,2026-11-16,2026-11-21,5,584,54,14,10,2026-11-21,false
demo-1br-03-r65,demo-1br-03,2026-11-23,2026-11-25,2,239,57,12,9,2026-11-25,false
demo-1br-03-r66,demo-1br-03,2026-11-27,2026-11-28,1,46,55,18,9,2026-11-28,false
demo-1br-03-r67,demo-1br-03,2026-11-29,2026-11-30,1,87,59,13,8,2026-11-30,false
demo-1br-03-r68,demo-1br-03,2026-12-03,2026-12-08,5,389,59,10,10,2026-12-08,false
demo-1br-03-r69,demo-1br-03,2026-12-13,2026-12-14,1,86,50,19,9,2026-12-14,false
demo-1br-03-r70,demo-1br-03,2026-12-15,2026-12-16,1,49,51,12,10,2026-12-16,false
demo-1br-03-r71,demo-1br-03,2026-12-16,2026-12-17,1,37,60,14,10,2026-12-17,false
demo-1br-03-r72,demo-1br-03,2026-12-18,2026-12-20,2,218,52,12,10,2026-12-20,true
demo-1br-03-r73,demo-1br-03,2026-12-21,2026-12-22,1,76,56,12,10,2026-12-22,false
demo-1br-03-r74,demo-1br-03,2026-12-27,2026-12-28,1,50,53,16,8,2026-12-28,false
demo-2br-04-r1,demo-2br-04,2026-01-01,2026-01-06,5,592,72,17,18,2026-01-06,false
demo-2br-04-r2,demo-2br-04,2026-01-08,2026-01-09,1,53,79,19,13,2026-01-09,false
demo-2br-04-r3,demo-2br-04,2026-01-10,2026-01-11,1,50,71,15,16,2026-01-11,true
demo-2br-04-r4,demo-2br-04,2026-01-12,2026-01-16,4,628,71,21,15,2026-01-16,false
demo-2br-04-r5,demo-2br-04,2026-01-17,2026-01-19,2,253,71,14,13,2026-01-19,false
demo-2br-04-r6,demo-2br-04,2026-01-19,2026-01-21,2,104,77,15,15,2026-01-21,false
demo-2br-04-r7,demo-2br-04,2026-01-23,2026-01-24,1,67,67,10,13,2026-01-24,false
demo-2br-04-r8,demo-2br-04,2026-01-26,2026-01-29,3,443,78,16,18,2026-01-29,false
demo-2br-04-r9,demo-2br-04,2026-01-31,2026-02-03,3,487,75,13,14,2026-02-03,false
demo-2br-04-r10,demo-2br-04,2026-02-04,2026-02-05,1,67,73,13,14,2026-02-05,false
demo-2br-04-r11,demo-2br-04,2026-02-07,2026-02-08,1,54,75,20,12,2026-02-08,true
demo-2br-04-r12,demo-2br-04,2026-02-09,2026-02-16,7,1078,73,12,12,2026-02-16,false
demo-2br-04-r13,demo-2br-04,2026-02-16,2026-02-18,2,122,66,17,15,2026-02-18,false
demo-2br-04-r14,demo-2br-04,2026-02-20,2026-02-22,2,113,75,21,17,2026-02-22,true
demo-2br-04-r15,demo-2br-04,2026-02-23,2026-02-26,3,447,72,10,13,2026-02-26,false
demo-2br-04-r16,demo-2br-04,2026-02-26,2026-02-27,1,142,71,21,14,2026-02-27,false
demo-2br-04-r17,demo-2br-04,2026-03-01,2026-03-02,1,56,77,16,14,2026-03-02,false
demo-2br-04-r18,demo-2br-04,2026-03-02,2026-03-08,6,658,76,15,17,2026-03-08,true
demo-2br-04-r19,demo-2br-04,2026-03-10,2026-03-11,1,77,78,15,16,2026-03-11,false
demo-2br-04-r20,demo-2br-04,2026-03-13,2026-03-15,2,103,77,13,16,2026-03-15,true
demo-2br-04-r21,demo-2br-04,2026-03-17,2026-03-18,1,148,73,12,15,2026-03-18,false
demo-2br-04-r22,demo-2br-04,2026-03-19,2026-03-20,1,152,69,15,16,2026-03-20,false
demo-2br-04-r23,demo-2br-04,2026-03-21,2026-03-27,6,650,75,10,18,2026-03-27,false
demo-2br-04-r24,demo-2br-04,2026-03-29,2026-04-02,4,501,66,12,17,2026-04-02,false
demo-2br-04-r25,demo-2br-04,2026-04-02,2026-04-03,1,136,69,11,13,2026-04-03,false
demo-2br-04-r26,demo-2br-04,2026-04-05,2026-04-08,3,497,74,17,18,2026-04-08,false
demo-2br-04-r27,demo-2br-04,2026-04-10,2026-04-14,4,544,66,16,13,2026-04-14,false
demo-2br-04-r28,demo-2br-04,2026-04-16,2026-04-17,1,133,67,20,13,2026-04-17,false
demo-2br-04-r29,demo-2br-04,2026-04-17,2026-04-18,1,163,66,21,17,2026-04-18,false
demo-2br-04-r30,demo-2br-04,2026-04-19,2026-04-22,3,371,71,18,13,2026-04-22,false
demo-2br-04-r31,demo-2br-04,2026-04-24,2026-04-26,2,100,77,15,14,2026-04-26,true
demo-2br-04-r32,demo-2br-04,2026-04-26,2026-05-03,7,988,73,10,14,2026-05-03,true
demo-2br-04-r33,demo-2br-04,2026-05-05,2026-05-08,3,387,66,14,17,2026-05-08,false
demo-2br-04-r34,demo-2br-04,2026-05-10,2026-05-15,5,816,67,12,16,2026-05-15,false
demo-2br-04-r35,demo-2br-04,2026-05-15,2026-05-16,1,116,70,17,18,2026-05-16,false
demo-2br-04-r36,demo-2br-04,2026-05-16,2026-05-18,2,121,76,19,17,2026-05-18,false
demo-2br-04-r37,demo-2br-04,2026-05-19,2026-05-20,1,68,69,16,17,2026-05-20,false
demo-2br-04-r38,demo-2br-04,2026-05-20,2026-05-21,1,71,70,16,15,2026-05-21,false
demo-2br-04-r39,demo-2br-04,2026-05-22,2026-05-23,1,62,70,14,18,2026-05-23,false
demo-2br-04-r40,demo-2br-04,2026-05-25,2026-05-26,1,76,70,19,15,2026-05-26,false
demo-2br-04-r41,demo-2br-04,2026-05-26,2026-05-28,2,332,80,22,16,2026-05-28,false
demo-2br-04-r42,demo-2br-04,2026-05-28,2026-06-03,6,956,72,12,15,2026-06-03,false
demo-2br-04-r43,demo-2br-04,2026-06-04,2026-06-07,3,403,75,18,16,2026-06-07,true
demo-2br-04-r44,demo-2br-04,2026-06-09,2026-06-13,4,479,78,21,14,2026-06-13,false
demo-2br-04-r45,demo-2br-04,2026-06-14,2026-06-15,1,128,66,15,16,2026-06-15,false
demo-2br-04-r46,demo-2br-04,2026-06-16,2026-06-20,4,578,69,12,13,2026-06-20,false
demo-2br-04-r47,demo-2br-04,2026-06-21,2026-06-22,1,67,79,21,14,2026-06-22,false
demo-2br-04-r48,demo-2br-04,2026-06-23,2026-06-29,6,756,69,11,12,2026-06-29,false
demo-2br-04-r49,demo-2br-04,2026-06-29,2026-07-01,2,113,68,14,12,2026-07-01,false
demo-2br-04-r50,demo-2br-04,2026-07-03,2026-07-05,2,140,80,21,15,2026-07-05,true
demo-2br-04-r51,demo-2br-04,2026-07-05,2026-07-06,1,69,80,11,16,2026-07-06,false
demo-2br-04-r52,demo-2br-04,2026-07-08,2026-07-09,1,173,72,21,15,2026-07-09,false
demo-2br-04-r53,demo-2br-04,2026-07-10,2026-07-11,1,116,67,13,17,2026-07-11,false
demo-2br-04-r54,demo-2br-04,2026-07-12,2026-07-13,1,160,74,12,13,2026-07-13,false
demo-2br-04-r55,demo-2br-04,2026-07-13,2026-07-14,1,56,70,18,14,2026-07-14,false
demo-2br-04-r56,demo-2br-04,2026-07-14,2026-07-16,2,147,73,16,12,2026-07-16,false
demo-2br-04-r57,demo-2br-04,2026-07-17,2026-07-20,3,432,72,20,16,2026-07-20,false
demo-2br-04-r58,demo-2br-04,2026-07-20,2026-07-23,3,434,80,11,14,2026-07-23,false
demo-2br-04-r59,demo-2br-04,2026-07-24,2026-07-25,1,71,75,22,13,2026-07-25,false
demo-2br-04-r60,demo-2br-04,2026-07-26,2026-07-29,3,500,67,15,17,2026-07-29,false
demo-2br-04-r61,demo-2br-04,2026-07-30,2026-08-01,2,236,73,12,17,2026-08-01,false
demo-2br-04-r62,demo-2br-04,2026-08-01,2026-08-04,3,487,80,10,12,2026-08-04,false
demo-2br-04-r63,demo-2br-04,2026-08-05,2026-08-06,1,168,69,14,13,2026-08-06,false
demo-2br-04-r64,demo-2br-04,2026-08-08,2026-08-10,2,126,66,10,15,2026-08-10,false
demo-2br-04-r65,demo-2br-04,2026-08-11,2026-08-13,2,139,69,20,17,2026-08-13,false
demo-2br-04-r66,demo-2br-04,2026-08-13,2026-08-14,1,140,65,22,12,2026-08-14,false
demo-2br-04-r67,demo-2br-04,2026-08-14,2026-08-17,3,495,68,12,16,2026-08-17,false
demo-2br-04-r68,demo-2br-04,2026-08-18,2026-08-19,1,130,69,13,18,2026-08-19,false
demo-2br-04-r69,demo-2br-04,2026-08-19,2026-08-20,1,73,76,21,13,2026-08-20,false
demo-2br-04-r70,demo-2br-04,2026-08-22,2026-08-26,4,666,67,16,17,2026-08-26,false
demo-2br-04-r71,demo-2br-04,2026-08-28,2026-09-02,5,851,78,11,15,2026-09-02,false
demo-2br-04-r72,demo-2br-04,2026-09-03,2026-09-05,2,154,66,14,13,2026-09-05,false
demo-2br-04-r73,demo-2br-04,2026-09-05,2026-09-06,1,75,72,21,14,2026-09-06,true
demo-2br-04-r74,demo-2br-04,2026-09-06,2026-09-08,2,115,67,12,15,2026-09-08,false
demo-2br-04-r75,demo-2br-04,2026-09-08,2026-09-12,4,451,71,13,16,2026-09-12,false
demo-2br-04-r76,demo-2br-04,2026-09-12,2026-09-16,4,482,70,14,14,2026-09-16,false
demo-2br-04-r77,demo-2br-04,2026-09-18,2026-09-19,1,62,68,12,18,2026-09-19,false
demo-2br-04-r78,demo-2br-04,2026-09-20,2026-09-21,1,150,67,15,15,2026-09-21,false
demo-2br-04-r79,demo-2br-04,2026-09-23,2026-09-25,2,146,74,17,14,2026-09-25,false
demo-2br-04-r80,demo-2br-04,2026-09-26,2026-09-27,1,167,73,11,12,2026-09-27,true
demo-2br-04-r81,demo-2br-04,2026-09-27,2026-09-29,2,107,72,11,17,2026-09-29,false
demo-2br-04-r82,demo-2br-04,2026-10-01,2026-10-04,3,327,79,13,16,2026-10-04,true
demo-2br-04-r83,demo-2br-04,2026-10-06,2026-10-13,7,768,68,14,16,2026-10-13,false
demo-2br-04-r84,demo-2br-04,2026-10-13,2026-10-14,1,67,66,14,17,2026-10-14,false
demo-2br-04-r85,demo-2br-04,2026-10-15,2026-10-16,1,150,68,11,12,2026-10-16,false
demo-2br-04-r86,demo-2br-04,2026-10-16,2026-10-17,1,56,67,19,17,2026-10-17,false
demo-2br-04-r87,demo-2br-04,2026-10-19,2026-10-20,1,63,70,22,13,2026-10-20,false
demo-2br-04-r88,demo-2br-04,2026-10-20,2026-10-21,1,140,70,21,16,2026-10-21,false
demo-2br-04-r89,demo-2br-04,2026-10-21,2026-10-22,1,53,79,11,15,2026-10-22,false
demo-2br-04-r90,demo-2br-04,2026-10-23,2026-10-27,4,682,72,18,17,2026-10-27,false
demo-2br-04-r91,demo-2br-04,2026-10-28,2026-10-29,1,170,67,15,14,2026-10-29,false
demo-2br-04-r92,demo-2br-04,2026-10-31,2026-11-06,6,776,66,20,12,2026-11-06,false
demo-2br-04-r93,demo-2br-04,2026-11-07,2026-11-08,1,161,76,20,17,2026-11-08,true
demo-2br-04-r94,demo-2br-04,2026-11-09,2026-11-10,1,154,74,14,13,2026-11-10,false
demo-2br-04-r95,demo-2br-04,2026-11-10,2026-11-12,2,94,70,16,14,2026-11-12,false
demo-2br-04-r96,demo-2br-04,2026-11-12,2026-11-14,2,334,78,22,18,2026-11-14,false
demo-2br-04-r97,demo-2br-04,2026-11-14,2026-11-15,1,51,70,17,13,2026-11-15,true
demo-2br-04-r98,demo-2br-04,2026-11-16,2026-11-19,3,477,80,16,16,2026-11-19,false
demo-2br-04-r99,demo-2br-04,2026-11-19,2026-11-24,5,672,73,14,14,2026-11-24,false
demo-2br-04-r100,demo-2br-04,2026-11-26,2026-11-30,4,513,75,14,14,2026-11-30,false
demo-2br-04-r101,demo-2br-04,2026-12-02,2026-12-04,2,154,75,16,15,2026-12-04,false
demo-2br-04-r102,demo-2br-04,2026-12-06,2026-12-10,4,687,68,13,17,2026-12-10,false
demo-2br-04-r103,demo-2br-04,2026-12-10,2026-12-11,1,62,66,19,14,2026-12-11,false
demo-2br-04-r104,demo-2br-04,2026-12-13,2026-12-15,2,280,72,13,13,2026-12-15,false
demo-2br-04-r105,demo-2br-04,2026-12-17,2026-12-18,1,143,69,16,13,2026-12-18,false
demo-2br-04-r106,demo-2br-04,2026-12-20,2026-12-25,5,836,66,12,15,2026-12-25,false
demo-2br-04-r107,demo-2br-04,2026-12-26,2026-12-28,2,209,73,16,16,2026-12-28,false
demo-2br-04-r108,demo-2br-04,2026-12-30,2027-01-03,4,593,72,13,17,2027-01-03,true
demo-2br-05-r1,demo-2br-05,2026-01-01,2026-01-04,3,534,73,18,17,2026-01-04,true
demo-2br-05-r2,demo-2br-05,2026-01-05,2026-01-08,3,539,67,12,15,2026-01-08,false
demo-2br-05-r3,demo-2br-05,2026-01-08,2026-01-10,2,146,71,21,15,2026-01-10,false
demo-2br-05-r4,demo-2br-05,2026-01-10,2026-01-13,3,409,74,20,14,2026-01-13,false
demo-2br-05-r5,demo-2br-05,2026-01-13,2026-01-14,1,83,76,10,13,2026-01-14,false
demo-2br-05-r6,demo-2br-05,2026-01-14,2026-01-18,4,694,73,18,13,2026-01-18,true
demo-2br-05-r7,demo-2br-05,2026-01-18,2026-01-23,5,697,77,20,15,2026-01-23,false
demo-2br-05-r8,demo-2br-05,2026-01-24,2026-01-25,1,53,78,21,17,2026-01-25,true
demo-2br-05-r9,demo-2br-05,2026-01-25,2026-01-29,4,657,79,17,17,2026-01-29,false
demo-2br-05-r10,demo-2br-05,2026-01-30,2026-02-02,3,499,78,17,17,2026-02-02,false
demo-2br-05-r11,demo-2br-05,2026-02-03,2026-02-05,2,277,79,15,12,2026-02-05,false
demo-2br-05-r12,demo-2br-05,2026-02-06,2026-02-08,2,150,79,21,16,2026-02-08,true
demo-2br-05-r13,demo-2br-05,2026-02-09,2026-02-13,4,673,65,15,13,2026-02-13,false
demo-2br-05-r14,demo-2br-05,2026-02-14,2026-02-17,3,500,71,18,18,2026-02-17,false
demo-2br-05-r15,demo-2br-05,2026-02-17,2026-02-18,1,61,74,15,16,2026-02-18,false
demo-2br-05-r16,demo-2br-05,2026-02-19,2026-02-20,1,123,80,11,13,2026-02-20,false
demo-2br-05-r17,demo-2br-05,2026-02-20,2026-02-21,1,58,67,21,16,2026-02-21,false
demo-2br-05-r18,demo-2br-05,2026-02-21,2026-02-23,2,142,70,19,15,2026-02-23,false
demo-2br-05-r19,demo-2br-05,2026-02-24,2026-03-01,5,746,69,12,13,2026-03-01,true
demo-2br-05-r20,demo-2br-05,2026-03-01,2026-03-05,4,557,78,19,14,2026-03-05,false
demo-2br-05-r21,demo-2br-05,2026-03-06,2026-03-07,1,60,77,15,15,2026-03-07,false
demo-2br-05-r22,demo-2br-05,2026-03-07,2026-03-09,2,140,68,20,13,2026-03-09,false
demo-2br-05-r23,demo-2br-05,2026-03-10,2026-03-11,1,140,80,13,12,2026-03-11,false
demo-2br-05-r24,demo-2br-05,2026-03-11,2026-03-13,2,235,70,17,16,2026-03-13,false
demo-2br-05-r25,demo-2br-05,2026-03-14,2026-03-16,2,318,73,19,15,2026-03-16,false
demo-2br-05-r26,demo-2br-05,2026-03-17,2026-03-18,1,85,66,20,16,2026-03-18,false
demo-2br-05-r27,demo-2br-05,2026-03-19,2026-03-22,3,499,65,15,17,2026-03-22,true
demo-2br-05-r28,demo-2br-05,2026-03-23,2026-03-24,1,70,69,20,17,2026-03-24,false
demo-2br-05-r29,demo-2br-05,2026-03-25,2026-03-27,2,118,68,22,15,2026-03-27,false
demo-2br-05-r30,demo-2br-05,2026-03-27,2026-03-30,3,545,76,19,17,2026-03-30,false
demo-2br-05-r31,demo-2br-05,2026-03-31,2026-04-05,5,926,77,12,13,2026-04-05,true
demo-2br-05-r32,demo-2br-05,2026-04-06,2026-04-07,1,131,78,18,13,2026-04-07,false
demo-2br-05-r33,demo-2br-05,2026-04-07,2026-04-10,3,392,66,20,17,2026-04-10,false
demo-2br-05-r34,demo-2br-05,2026-04-11,2026-04-13,2,160,69,14,14,2026-04-13,false
demo-2br-05-r35,demo-2br-05,2026-04-13,2026-04-15,2,168,77,13,16,2026-04-15,false
demo-2br-05-r36,demo-2br-05,2026-04-16,2026-04-19,3,451,70,18,15,2026-04-19,true
demo-2br-05-r37,demo-2br-05,2026-04-20,2026-04-26,6,726,66,13,17,2026-04-26,true
demo-2br-05-r38,demo-2br-05,2026-04-26,2026-04-29,3,517,76,17,14,2026-04-29,false
demo-2br-05-r39,demo-2br-05,2026-04-30,2026-05-01,1,61,72,13,12,2026-05-01,false
demo-2br-05-r40,demo-2br-05,2026-05-01,2026-05-05,4,675,69,15,17,2026-05-05,false
demo-2br-05-r41,demo-2br-05,2026-05-06,2026-05-07,1,160,78,17,12,2026-05-07,false
demo-2br-05-r42,demo-2br-05,2026-05-07,2026-05-08,1,64,73,16,17,2026-05-08,false
demo-2br-05-r43,demo-2br-05,2026-05-09,2026-05-10,1,75,76,17,13,2026-05-10,true
demo-2br-05-r44,demo-2br-05,2026-05-10,2026-05-11,1,69,71,19,17,2026-05-11,false
demo-2br-05-r45,demo-2br-05,2026-05-12,2026-05-13,1,53,66,21,13,2026-05-13,false
demo-2br-05-r46,demo-2br-05,2026-05-14,2026-05-15,1,115,76,19,18,2026-05-15,false
demo-2br-05-r47,demo-2br-05,2026-05-16,2026-05-19,3,359,72,21,17,2026-05-19,false
demo-2br-05-r48,demo-2br-05,2026-05-20,2026-05-21,1,81,72,19,16,2026-05-21,false
demo-2br-05-r49,demo-2br-05,2026-05-21,2026-05-24,3,512,78,20,14,2026-05-24,true
demo-2br-05-r50,demo-2br-05,2026-05-24,2026-05-25,1,140,72,15,15,2026-05-25,false
demo-2br-05-r51,demo-2br-05,2026-05-26,2026-05-27,1,80,65,14,16,2026-05-27,false
demo-2br-05-r52,demo-2br-05,2026-05-27,2026-05-28,1,59,76,15,16,2026-05-28,false
demo-2br-05-r53,demo-2br-05,2026-05-28,2026-05-29,1,117,75,16,16,2026-05-29,false
demo-2br-05-r54,demo-2br-05,2026-05-29,2026-05-30,1,52,75,22,17,2026-05-30,false
demo-2br-05-r55,demo-2br-05,2026-05-30,2026-05-31,1,160,69,16,14,2026-05-31,true
demo-2br-05-r56,demo-2br-05,2026-06-01,2026-06-03,2,334,79,17,13,2026-06-03,false
demo-2br-05-r57,demo-2br-05,2026-06-04,2026-06-08,4,463,67,22,14,2026-06-08,false
demo-2br-05-r58,demo-2br-05,2026-06-09,2026-06-10,1,65,67,12,13,2026-06-10,false
demo-2br-05-r59,demo-2br-05,2026-06-11,2026-06-13,2,169,67,12,18,2026-06-13,false
demo-2br-05-r60,demo-2br-05,2026-06-13,2026-06-15,2,140,67,16,18,2026-06-15,false
demo-2br-05-r61,demo-2br-05,2026-06-16,2026-06-19,3,478,65,12,16,2026-06-19,false
demo-2br-05-r62,demo-2br-05,2026-06-20,2026-06-24,4,555,75,10,16,2026-06-24,false
demo-2br-05-r63,demo-2br-05,2026-06-25,2026-06-27,2,317,65,16,13,2026-06-27,false
demo-2br-05-r64,demo-2br-05,2026-06-28,2026-06-30,2,165,70,13,14,2026-06-30,false
demo-2br-05-r65,demo-2br-05,2026-07-01,2026-07-03,2,152,72,11,12,2026-07-03,false
demo-2br-05-r66,demo-2br-05,2026-07-03,2026-07-05,2,273,70,14,14,2026-07-05,true
demo-2br-05-r67,demo-2br-05,2026-07-06,2026-07-08,2,134,67,14,17,2026-07-08,false
demo-2br-05-r68,demo-2br-05,2026-07-09,2026-07-15,6,949,79,14,14,2026-07-15,false
demo-2br-05-r69,demo-2br-05,2026-07-15,2026-07-17,2,154,68,16,16,2026-07-17,false
demo-2br-05-r70,demo-2br-05,2026-07-18,2026-07-19,1,183,80,19,14,2026-07-19,true
demo-2br-05-r71,demo-2br-05,2026-07-20,2026-07-22,2,268,72,19,13,2026-07-22,false
demo-2br-05-r72,demo-2br-05,2026-07-22,2026-07-23,1,72,65,20,12,2026-07-23,false
demo-2br-05-r73,demo-2br-05,2026-07-23,2026-07-26,3,366,72,15,14,2026-07-26,true
demo-2br-05-r74,demo-2br-05,2026-07-26,2026-07-27,1,76,78,18,13,2026-07-27,false
demo-2br-05-r75,demo-2br-05,2026-07-27,2026-07-29,2,365,78,18,16,2026-07-29,false
demo-2br-05-r76,demo-2br-05,2026-07-29,2026-07-30,1,163,79,17,15,2026-07-30,false
demo-2br-05-r77,demo-2br-05,2026-07-31,2026-08-01,1,145,78,15,17,2026-08-01,false
demo-2br-05-r78,demo-2br-05,2026-08-02,2026-08-08,6,790,73,12,15,2026-08-08,false
demo-2br-05-r79,demo-2br-05,2026-08-08,2026-08-09,1,55,76,20,12,2026-08-09,true
demo-2br-05-r80,demo-2br-05,2026-08-10,2026-08-14,4,551,77,12,17,2026-08-14,false
demo-2br-05-r81,demo-2br-05,2026-08-14,2026-08-16,2,153,69,11,13,2026-08-16,true
demo-2br-05-r82,demo-2br-05,2026-08-17,2026-08-20,3,540,71,20,17,2026-08-20,false
demo-2br-05-r83,demo-2br-05,2026-08-21,2026-08-22,1,52,78,16,12,2026-08-22,false
demo-2br-05-r84,demo-2br-05,2026-08-22,2026-08-24,2,332,70,16,13,2026-08-24,false
demo-2br-05-r85,demo-2br-05,2026-08-25,2026-08-26,1,71,76,13,17,2026-08-26,false
demo-2br-05-r86,demo-2br-05,2026-08-27,2026-08-28,1,188,74,21,15,2026-08-28,false
demo-2br-05-r87,demo-2br-05,2026-08-29,2026-08-31,2,111,76,13,13,2026-08-31,false
demo-2br-05-r88,demo-2br-05,2026-09-01,2026-09-04,3,509,75,22,12,2026-09-04,false
demo-2br-05-r89,demo-2br-05,2026-09-04,2026-09-05,1,66,76,15,12,2026-09-05,false
demo-2br-05-r90,demo-2br-05,2026-09-06,2026-09-12,6,886,67,12,15,2026-09-12,false
demo-2br-05-r91,demo-2br-05,2026-09-12,2026-09-16,4,733,65,15,17,2026-09-16,false
demo-2br-05-r92,demo-2br-05,2026-09-16,2026-09-17,1,71,70,21,18,2026-09-17,false
demo-2br-05-r93,demo-2br-05,2026-09-17,2026-09-18,1,81,68,21,12,2026-09-18,false
demo-2br-05-r94,demo-2br-05,2026-09-18,2026-09-20,2,324,72,20,14,2026-09-20,true
demo-2br-05-r95,demo-2br-05,2026-09-20,2026-09-23,3,476,66,15,18,2026-09-23,false
demo-2br-05-r96,demo-2br-05,2026-09-23,2026-09-26,3,462,74,22,16,2026-09-26,false
demo-2br-05-r97,demo-2br-05,2026-09-26,2026-09-28,2,249,72,19,14,2026-09-28,false
demo-2br-05-r98,demo-2br-05,2026-09-29,2026-10-01,2,132,66,17,15,2026-10-01,false
demo-2br-05-r99,demo-2br-05,2026-10-01,2026-10-02,1,85,77,21,14,2026-10-02,false
demo-2br-05-r100,demo-2br-05,2026-10-02,2026-10-06,4,478,77,14,17,2026-10-06,false
demo-2br-05-r101,demo-2br-05,2026-10-06,2026-10-07,1,162,74,16,14,2026-10-07,false
demo-2br-05-r102,demo-2br-05,2026-10-08,2026-10-09,1,146,77,19,13,2026-10-09,false
demo-2br-05-r103,demo-2br-05,2026-10-09,2026-10-10,1,73,72,11,15,2026-10-10,false
demo-2br-05-r104,demo-2br-05,2026-10-10,2026-10-12,2,114,74,17,15,2026-10-12,false
demo-2br-05-r105,demo-2br-05,2026-10-12,2026-10-14,2,322,72,11,15,2026-10-14,false
demo-2br-05-r106,demo-2br-05,2026-10-15,2026-10-16,1,85,67,18,17,2026-10-16,false
demo-2br-05-r107,demo-2br-05,2026-10-16,2026-10-21,5,842,66,20,12,2026-10-21,false
demo-2br-05-r108,demo-2br-05,2026-10-22,2026-10-24,2,321,71,17,13,2026-10-24,false
demo-2br-05-r109,demo-2br-05,2026-10-24,2026-10-27,3,439,73,22,16,2026-10-27,false
demo-2br-05-r110,demo-2br-05,2026-10-28,2026-11-01,4,614,66,21,14,2026-11-01,true
demo-2br-05-r111,demo-2br-05,2026-11-01,2026-11-02,1,61,79,14,12,2026-11-02,false
demo-2br-05-r112,demo-2br-05,2026-11-03,2026-11-04,1,73,80,14,17,2026-11-04,false
demo-2br-05-r113,demo-2br-05,2026-11-04,2026-11-06,2,164,78,22,15,2026-11-06,false
demo-2br-05-r114,demo-2br-05,2026-11-06,2026-11-07,1,59,67,15,12,2026-11-07,false
demo-2br-05-r115,demo-2br-05,2026-11-08,2026-11-10,2,158,72,12,18,2026-11-10,false
demo-2br-05-r116,demo-2br-05,2026-11-10,2026-11-11,1,123,67,20,14,2026-11-11,false
demo-2br-05-r117,demo-2br-05,2026-11-12,2026-11-13,1,118,70,12,12,2026-11-13,false
demo-2br-05-r118,demo-2br-05,2026-11-13,2026-11-16,3,484,74,15,15,2026-11-16,false
demo-2br-05-r119,demo-2br-05,2026-11-17,2026-11-18,1,76,75,22,17,2026-11-18,false
demo-2br-05-r120,demo-2br-05,2026-11-19,2026-11-21,2,294,73,19,13,2026-11-21,false
demo-2br-05-r121,demo-2br-05,2026-11-21,2026-11-22,1,84,74,17,14,2026-11-22,true
demo-2br-05-r122,demo-2br-05,2026-11-23,2026-11-24,1,67,74,15,18,2026-11-24,false
demo-2br-05-r123,demo-2br-05,2026-11-25,2026-11-26,1,82,65,15,17,2026-11-26,false
demo-2br-05-r124,demo-2br-05,2026-11-26,2026-11-28,2,117,67,14,14,2026-11-28,false
demo-2br-05-r125,demo-2br-05,2026-11-29,2026-11-30,1,81,66,15,15,2026-11-30,false
demo-2br-05-r126,demo-2br-05,2026-12-01,2026-12-02,1,82,70,16,12,2026-12-02,false
demo-2br-05-r127,demo-2br-05,2026-12-02,2026-12-03,1,118,68,19,14,2026-12-03,false
demo-2br-05-r128,demo-2br-05,2026-12-04,2026-12-06,2,324,73,19,16,2026-12-06,true
demo-2br-05-r129,demo-2br-05,2026-12-07,2026-12-08,1,135,68,18,15,2026-12-08,false
demo-2br-05-r130,demo-2br-05,2026-12-09,2026-12-10,1,54,75,13,13,2026-12-10,false
demo-2br-05-r131,demo-2br-05,2026-12-10,2026-12-14,4,735,70,12,14,2026-12-14,false
demo-2br-05-r132,demo-2br-05,2026-12-14,2026-12-16,2,160,75,11,15,2026-12-16,false
demo-2br-05-r133,demo-2br-05,2026-12-16,2026-12-17,1,58,66,10,18,2026-12-17,false
demo-2br-05-r134,demo-2br-05,2026-12-18,2026-12-21,3,561,73,11,14,2026-12-21,false
demo-2br-05-r135,demo-2br-05,2026-12-22,2026-12-24,2,159,69,16,16,2026-12-24,false
demo-2br-05-r136,demo-2br-05,2026-12-25,2026-12-26,1,174,79,19,16,2026-12-26,false
demo-2br-05-r137,demo-2br-05,2026-12-27,2026-12-29,2,151,80,11,18,2026-12-29,false
demo-2br-05-r138,demo-2br-05,2026-12-30,2026-12-31,1,62,68,20,17,2026-12-31,false
demo-2br-06-r1,demo-2br-06,2026-01-02,2026-01-03,1,49,71,17,15,2026-01-03,false
demo-2br-06-r2,demo-2br-06,2026-01-03,2026-01-06,3,521,72,11,12,2026-01-06,false
demo-2br-06-r3,demo-2br-06,2026-01-07,2026-01-11,4,714,75,11,18,2026-01-11,true
demo-2br-06-r4,demo-2br-06,2026-01-12,2026-01-16,4,468,79,16,16,2026-01-16,false
demo-2br-06-r5,demo-2br-06,2026-01-17,2026-01-18,1,160,73,19,17,2026-01-18,true
demo-2br-06-r6,demo-2br-06,2026-01-18,2026-01-20,2,98,74,12,18,2026-01-20,false
demo-2br-06-r7,demo-2br-06,2026-01-21,2026-01-23,2,114,72,19,16,2026-01-23,false
demo-2br-06-r8,demo-2br-06,2026-01-23,2026-01-24,1,141,79,11,16,2026-01-24,false
demo-2br-06-r9,demo-2br-06,2026-01-25,2026-01-26,1,152,66,22,13,2026-01-26,false
demo-2br-06-r10,demo-2br-06,2026-01-27,2026-01-28,1,72,78,16,16,2026-01-28,false
demo-2br-06-r11,demo-2br-06,2026-01-29,2026-01-30,1,72,76,17,17,2026-01-30,false
demo-2br-06-r12,demo-2br-06,2026-01-30,2026-01-31,1,141,71,14,14,2026-01-31,false
demo-2br-06-r13,demo-2br-06,2026-01-31,2026-02-04,4,700,80,11,17,2026-02-04,false
demo-2br-06-r14,demo-2br-06,2026-02-05,2026-02-06,1,138,68,18,12,2026-02-06,false
demo-2br-06-r15,demo-2br-06,2026-02-06,2026-02-10,4,569,72,16,18,2026-02-10,false
demo-2br-06-r16,demo-2br-06,2026-02-10,2026-02-12,2,154,74,15,15,2026-02-12,false
demo-2br-06-r17,demo-2br-06,2026-02-12,2026-02-13,1,51,75,12,14,2026-02-13,false
demo-2br-06-r18,demo-2br-06,2026-02-14,2026-02-16,2,131,66,20,15,2026-02-16,false
demo-2br-06-r19,demo-2br-06,2026-02-17,2026-02-18,1,58,65,11,17,2026-02-18,false
demo-2br-06-r20,demo-2br-06,2026-02-19,2026-02-22,3,476,75,22,14,2026-02-22,true
demo-2br-06-r21,demo-2br-06,2026-02-22,2026-02-25,3,527,73,18,17,2026-02-25,false
demo-2br-06-r22,demo-2br-06,2026-02-26,2026-02-27,1,67,77,13,13,2026-02-27,false
demo-2br-06-r23,demo-2br-06,2026-02-28,2026-03-02,2,359,78,14,17,2026-03-02,false
demo-2br-06-r24,demo-2br-06,2026-03-02,2026-03-03,1,51,73,19,12,2026-03-03,false
demo-2br-06-r25,demo-2br-06,2026-03-03,2026-03-05,2,117,77,22,18,2026-03-05,false
demo-2br-06-r26,demo-2br-06,2026-03-06,2026-03-08,2,311,67,12,17,2026-03-08,true
demo-2br-06-r27,demo-2br-06,2026-03-08,2026-03-09,1,50,71,18,16,2026-03-09,false
demo-2br-06-r28,demo-2br-06,2026-03-10,2026-03-15,5,878,74,21,17,2026-03-15,true
demo-2br-06-r29,demo-2br-06,2026-03-15,2026-03-16,1,64,74,15,17,2026-03-16,false
demo-2br-06-r30,demo-2br-06,2026-03-16,2026-03-17,1,147,66,12,18,2026-03-17,false
demo-2br-06-r31,demo-2br-06,2026-03-17,2026-03-18,1,178,75,13,14,2026-03-18,false
demo-2br-06-r32,demo-2br-06,2026-03-19,2026-03-22,3,386,72,18,18,2026-03-22,true
demo-2br-06-r33,demo-2br-06,2026-03-23,2026-03-24,1,178,76,10,15,2026-03-24,false
demo-2br-06-r34,demo-2br-06,2026-03-25,2026-03-27,2,293,76,18,13,2026-03-27,false
demo-2br-06-r35,demo-2br-06,2026-03-28,2026-03-29,1,74,73,11,17,2026-03-29,true
demo-2br-06-r36,demo-2br-06,2026-03-29,2026-04-02,4,653,77,18,14,2026-04-02,false
demo-2br-06-r37,demo-2br-06,2026-04-03,2026-04-09,6,699,75,12,12,2026-04-09,false
demo-2br-06-r38,demo-2br-06,2026-04-09,2026-04-10,1,57,74,15,13,2026-04-10,false
demo-2br-06-r39,demo-2br-06,2026-04-11,2026-04-13,2,139,65,22,13,2026-04-13,false
demo-2br-06-r40,demo-2br-06,2026-04-13,2026-04-14,1,73,76,20,13,2026-04-14,false
demo-2br-06-r41,demo-2br-06,2026-04-14,2026-04-16,2,143,73,22,17,2026-04-16,false
demo-2br-06-r42,demo-2br-06,2026-04-16,2026-04-17,1,153,78,16,15,2026-04-17,false
demo-2br-06-r43,demo-2br-06,2026-04-17,2026-04-18,1,63,77,13,13,2026-04-18,false
demo-2br-06-r44,demo-2br-06,2026-04-19,2026-04-20,1,78,80,15,15,2026-04-20,false
demo-2br-06-r45,demo-2br-06,2026-04-20,2026-04-22,2,98,74,17,18,2026-04-22,false
demo-2br-06-r46,demo-2br-06,2026-04-22,2026-04-25,3,408,69,17,13,2026-04-25,false
demo-2br-06-r47,demo-2br-06,2026-04-26,2026-05-02,6,682,76,10,15,2026-05-02,false
demo-2br-06-r48,demo-2br-06,2026-05-03,2026-05-08,5,780,70,16,14,2026-05-08,false
demo-2br-06-r49,demo-2br-06,2026-05-09,2026-05-12,3,459,66,22,14,2026-05-12,false
demo-2br-06-r50,demo-2br-06,2026-05-13,2026-05-19,6,912,78,12,17,2026-05-19,false
demo-2br-06-r51,demo-2br-06,2026-05-19,2026-05-20,1,53,72,15,16,2026-05-20,false
demo-2br-06-r52,demo-2br-06,2026-05-20,2026-05-21,1,66,67,12,12,2026-05-21,false
demo-2br-06-r53,demo-2br-06,2026-05-21,2026-05-23,2,111,80,16,13,2026-05-23,false
demo-2br-06-r54,demo-2br-06,2026-05-23,2026-05-26,3,529,68,20,15,2026-05-26,false
demo-2br-06-r55,demo-2br-06,2026-05-27,2026-05-29,2,109,77,19,12,2026-05-29,false
demo-2br-06-r56,demo-2br-06,2026-05-30,2026-05-31,1,141,67,11,15,2026-05-31,true
demo-2br-06-r57,demo-2br-06,2026-06-01,2026-06-02,1,68,79,22,15,2026-06-02,false
demo-2br-06-r58,demo-2br-06,2026-06-03,2026-06-05,2,120,76,15,13,2026-06-05,false
demo-2br-06-r59,demo-2br-06,2026-06-05,2026-06-07,2,235,77,13,16,2026-06-07,true
demo-2br-06-r60,demo-2br-06,2026-06-07,2026-06-08,1,180,66,16,12,2026-06-08,false
demo-2br-06-r61,demo-2br-06,2026-06-09,2026-06-12,3,377,80,16,13,2026-06-12,false
demo-2br-06-r62,demo-2br-06,2026-06-12,2026-06-14,2,124,69,18,17,2026-06-14,true
demo-2br-06-r63,demo-2br-06,2026-06-14,2026-06-15,1,147,66,18,13,2026-06-15,false
demo-2br-06-r64,demo-2br-06,2026-06-16,2026-06-17,1,139,74,12,13,2026-06-17,false
demo-2br-06-r65,demo-2br-06,2026-06-18,2026-06-20,2,127,68,20,13,2026-06-20,false
demo-2br-06-r66,demo-2br-06,2026-06-21,2026-06-24,3,351,76,21,18,2026-06-24,false
demo-2br-06-r67,demo-2br-06,2026-06-24,2026-06-25,1,66,77,15,12,2026-06-25,false
demo-2br-06-r68,demo-2br-06,2026-06-25,2026-06-29,4,611,70,15,18,2026-06-29,false
demo-2br-06-r69,demo-2br-06,2026-06-29,2026-07-03,4,714,71,11,18,2026-07-03,false
demo-2br-06-r70,demo-2br-06,2026-07-04,2026-07-06,2,299,77,19,15,2026-07-06,false
demo-2br-06-r71,demo-2br-06,2026-07-06,2026-07-07,1,162,78,20,13,2026-07-07,false
demo-2br-06-r72,demo-2br-06,2026-07-08,2026-07-09,1,66,69,13,14,2026-07-09,false
demo-2br-06-r73,demo-2br-06,2026-07-09,2026-07-13,4,448,76,15,15,2026-07-13,false
demo-2br-06-r74,demo-2br-06,2026-07-13,2026-07-16,3,474,75,19,18,2026-07-16,false
demo-2br-06-r75,demo-2br-06,2026-07-17,2026-07-18,1,127,77,20,12,2026-07-18,false
demo-2br-06-r76,demo-2br-06,2026-07-19,2026-07-20,1,74,72,16,13,2026-07-20,false
demo-2br-06-r77,demo-2br-06,2026-07-20,2026-07-23,3,484,70,14,17,2026-07-23,false
demo-2br-06-r78,demo-2br-06,2026-07-23,2026-07-24,1,170,69,12,15,2026-07-24,false
demo-2br-06-r79,demo-2br-06,2026-07-25,2026-07-30,5,781,78,19,12,2026-07-30,false
demo-2br-06-r80,demo-2br-06,2026-07-31,2026-08-06,6,729,67,19,17,2026-08-06,false
demo-2br-06-r81,demo-2br-06,2026-08-07,2026-08-11,4,653,77,11,14,2026-08-11,false
demo-2br-06-r82,demo-2br-06,2026-08-12,2026-08-13,1,73,74,11,16,2026-08-13,false
demo-2br-06-r83,demo-2br-06,2026-08-13,2026-08-17,4,684,78,21,15,2026-08-17,false
demo-2br-06-r84,demo-2br-06,2026-08-17,2026-08-18,1,159,79,11,16,2026-08-18,false
demo-2br-06-r85,demo-2br-06,2026-08-18,2026-08-20,2,337,76,17,18,2026-08-20,false
demo-2br-06-r86,demo-2br-06,2026-08-21,2026-08-24,3,465,76,14,14,2026-08-24,false
demo-2br-06-r87,demo-2br-06,2026-08-25,2026-08-28,3,406,68,16,13,2026-08-28,false
demo-2br-06-r88,demo-2br-06,2026-08-28,2026-09-01,4,669,67,13,17,2026-09-01,false
demo-2br-06-r89,demo-2br-06,2026-09-02,2026-09-04,2,360,80,19,13,2026-09-04,false
demo-2br-06-r90,demo-2br-06,2026-09-05,2026-09-06,1,62,75,22,13,2026-09-06,true
demo-2br-06-r91,demo-2br-06,2026-09-06,2026-09-08,2,280,77,19,16,2026-09-08,false
demo-2br-06-r92,demo-2br-06,2026-09-08,2026-09-09,1,155,78,11,17,2026-09-09,false
demo-2br-06-r93,demo-2br-06,2026-09-09,2026-09-14,5,707,80,18,16,2026-09-14,false
demo-2br-06-r94,demo-2br-06,2026-09-15,2026-09-20,5,585,66,17,17,2026-09-20,true
demo-2br-06-r95,demo-2br-06,2026-09-21,2026-09-26,5,671,67,13,14,2026-09-26,false
demo-2br-06-r96,demo-2br-06,2026-09-27,2026-09-29,2,247,75,15,13,2026-09-29,false
demo-2br-06-r97,demo-2br-06,2026-09-29,2026-09-30,1,70,77,10,13,2026-09-30,false
demo-2br-06-r98,demo-2br-06,2026-09-30,2026-10-04,4,456,72,16,14,2026-10-04,true
demo-2br-06-r99,demo-2br-06,2026-10-05,2026-10-10,5,741,67,15,17,2026-10-10,false
demo-2br-06-r100,demo-2br-06,2026-10-11,2026-10-12,1,49,73,20,13,2026-10-12,false
demo-2br-06-r101,demo-2br-06,2026-10-13,2026-10-17,4,466,76,14,18,2026-10-17,false
demo-2br-06-r102,demo-2br-06,2026-10-18,2026-10-20,2,151,78,17,16,2026-10-20,false
demo-2br-06-r103,demo-2br-06,2026-10-21,2026-10-23,2,145,74,12,14,2026-10-23,false
demo-2br-06-r104,demo-2br-06,2026-10-24,2026-10-28,4,705,73,14,14,2026-10-28,false
demo-2br-06-r105,demo-2br-06,2026-10-29,2026-10-30,1,58,68,16,13,2026-10-30,false
demo-2br-06-r106,demo-2br-06,2026-10-31,2026-11-03,3,335,70,21,12,2026-11-03,false
demo-2br-06-r107,demo-2br-06,2026-11-03,2026-11-04,1,61,79,14,17,2026-11-04,false
demo-2br-06-r108,demo-2br-06,2026-11-04,2026-11-07,3,466,65,18,16,2026-11-07,false
demo-2br-06-r109,demo-2br-06,2026-11-07,2026-11-10,3,491,76,21,17,2026-11-10,false
demo-2br-06-r110,demo-2br-06,2026-11-11,2026-11-13,2,113,74,13,17,2026-11-13,false
demo-2br-06-r111,demo-2br-06,2026-11-14,2026-11-17,3,391,71,14,16,2026-11-17,false
demo-2br-06-r112,demo-2br-06,2026-11-17,2026-11-19,2,114,79,19,13,2026-11-19,false
demo-2br-06-r113,demo-2br-06,2026-11-20,2026-11-21,1,58,67,15,17,2026-11-21,false
demo-2br-06-r114,demo-2br-06,2026-11-22,2026-11-24,2,130,74,18,13,2026-11-24,false
demo-2br-06-r115,demo-2br-06,2026-11-24,2026-11-26,2,149,77,20,18,2026-11-26,false
demo-2br-06-r116,demo-2br-06,2026-11-26,2026-11-29,3,339,72,18,13,2026-11-29,true
demo-2br-06-r117,demo-2br-06,2026-11-30,2026-12-01,1,57,70,13,15,2026-12-01,false
demo-2br-06-r118,demo-2br-06,2026-12-01,2026-12-05,4,599,71,12,16,2026-12-05,false
demo-2br-06-r119,demo-2br-06,2026-12-06,2026-12-07,1,128,68,12,16,2026-12-07,false
demo-2br-06-r120,demo-2br-06,2026-12-07,2026-12-08,1,112,73,16,18,2026-12-08,false
demo-2br-06-r121,demo-2br-06,2026-12-09,2026-12-12,3,469,78,16,14,2026-12-12,false
demo-2br-06-r122,demo-2br-06,2026-12-13,2026-12-14,1,66,75,18,15,2026-12-14,false
demo-2br-06-r123,demo-2br-06,2026-12-15,2026-12-16,1,114,78,12,15,2026-12-16,false
demo-2br-06-r124,demo-2br-06,2026-12-16,2026-12-18,2,285,67,20,12,2026-12-18,false
demo-2br-06-r125,demo-2br-06,2026-12-19,2026-12-21,2,283,79,22,15,2026-12-21,false
demo-2br-06-r126,demo-2br-06,2026-12-22,2026-12-23,1,139,69,16,13,2026-12-23,false
demo-2br-06-r127,demo-2br-06,2026-12-24,2026-12-26,2,111,75,12,14,2026-12-26,false
demo-2br-06-r128,demo-2br-06,2026-12-27,2026-12-29,2,308,72,17,15,2026-12-29,false
demo-2br-06-r129,demo-2br-06,2026-12-30,2027-01-01,2,161,67,22,12,2027-01-01,false
demo-3br-07-r1,demo-3br-07,2026-01-02,2026-01-03,1,112,94,20,30,2026-01-03,false
demo-3br-07-r2,demo-3br-07,2026-01-04,2026-01-08,4,793,91,16,23,2026-01-08,false
demo-3br-07-r3,demo-3br-07,2026-01-08,2026-01-14,6,1247,95,20,25,2026-01-14,false
demo-3br-07-r4,demo-3br-07,2026-01-15,2026-01-16,1,102,95,14,24,2026-01-16,false
demo-3br-07-r5,demo-3br-07,2026-01-17,2026-01-18,1,86,89,22,25,2026-01-18,true
demo-3br-07-r6,demo-3br-07,2026-01-19,2026-01-21,2,145,93,20,23,2026-01-21,false
demo-3br-07-r7,demo-3br-07,2026-01-22,2026-01-24,2,221,88,20,29,2026-01-24,false
demo-3br-07-r8,demo-3br-07,2026-01-25,2026-01-26,1,164,91,16,30,2026-01-26,false
demo-3br-07-r9,demo-3br-07,2026-01-26,2026-01-28,2,470,87,15,23,2026-01-28,false
demo-3br-07-r10,demo-3br-07,2026-01-28,2026-01-29,1,106,90,13,30,2026-01-29,false
demo-3br-07-r11,demo-3br-07,2026-01-29,2026-01-31,2,416,89,13,24,2026-01-31,false
demo-3br-07-r12,demo-3br-07,2026-02-01,2026-02-02,1,85,92,14,25,2026-02-02,false
demo-3br-07-r13,demo-3br-07,2026-02-03,2026-02-04,1,232,89,14,25,2026-02-04,false
demo-3br-07-r14,demo-3br-07,2026-02-05,2026-02-10,5,1312,94,24,26,2026-02-10,false
demo-3br-07-r15,demo-3br-07,2026-02-11,2026-02-14,3,635,93,16,27,2026-02-14,false
demo-3br-07-r16,demo-3br-07,2026-02-14,2026-02-16,2,228,90,22,26,2026-02-16,false
demo-3br-07-r17,demo-3br-07,2026-02-17,2026-02-18,1,254,92,21,23,2026-02-18,false
demo-3br-07-r18,demo-3br-07,2026-02-19,2026-02-22,3,663,90,16,24,2026-02-22,true
demo-3br-07-r19,demo-3br-07,2026-02-23,2026-02-25,2,193,92,16,26,2026-02-25,false
demo-3br-07-r20,demo-3br-07,2026-02-25,2026-02-26,1,107,87,21,26,2026-02-26,false
demo-3br-07-r21,demo-3br-07,2026-02-26,2026-03-01,3,728,89,20,25,2026-03-01,true
demo-3br-07-r22,demo-3br-07,2026-03-02,2026-03-05,3,488,87,14,27,2026-03-05,false
demo-3br-07-r23,demo-3br-07,2026-03-06,2026-03-08,2,166,94,22,25,2026-03-08,true
demo-3br-07-r24,demo-3br-07,2026-03-09,2026-03-10,1,258,91,16,29,2026-03-10,false
demo-3br-07-r25,demo-3br-07,2026-03-10,2026-03-13,3,642,89,17,30,2026-03-13,false
demo-3br-07-r26,demo-3br-07,2026-03-13,2026-03-15,2,222,87,19,28,2026-03-15,true
demo-3br-07-r27,demo-3br-07,2026-03-15,2026-03-17,2,224,85,19,26,2026-03-17,false
demo-3br-07-r28,demo-3br-07,2026-03-17,2026-03-20,3,620,90,12,26,2026-03-20,false
demo-3br-07-r29,demo-3br-07,2026-03-21,2026-03-23,2,223,93,13,28,2026-03-23,false
demo-3br-07-r30,demo-3br-07,2026-03-24,2026-03-26,2,226,91,17,25,2026-03-26,false
demo-3br-07-r31,demo-3br-07,2026-03-26,2026-03-27,1,165,92,23,27,2026-03-27,false
demo-3br-07-r32,demo-3br-07,2026-03-27,2026-04-02,6,1028,89,22,30,2026-04-02,false
demo-3br-07-r33,demo-3br-07,2026-04-03,2026-04-06,3,784,86,16,29,2026-04-06,false
demo-3br-07-r34,demo-3br-07,2026-04-06,2026-04-07,1,77,92,20,27,2026-04-07,false
demo-3br-07-r35,demo-3br-07,2026-04-08,2026-04-10,2,371,91,23,30,2026-04-10,false
demo-3br-07-r36,demo-3br-07,2026-04-11,2026-04-12,1,78,86,16,24,2026-04-12,true
demo-3br-07-r37,demo-3br-07,2026-04-12,2026-04-13,1,169,85,13,22,2026-04-13,false
demo-3br-07-r38,demo-3br-07,2026-04-14,2026-04-16,2,162,86,24,24,2026-04-16,false
demo-3br-07-r39,demo-3br-07,2026-04-16,2026-04-17,1,198,87,22,28,2026-04-17,false
demo-3br-07-r40,demo-3br-07,2026-04-18,2026-04-19,1,239,92,24,28,2026-04-19,true
demo-3br-07-r41,demo-3br-07,2026-04-19,2026-04-22,3,758,88,16,30,2026-04-22,false
demo-3br-07-r42,demo-3br-07,2026-04-22,2026-04-23,1,114,87,21,28,2026-04-23,false
demo-3br-07-r43,demo-3br-07,2026-04-23,2026-04-25,2,404,90,16,27,2026-04-25,false
demo-3br-07-r44,demo-3br-07,2026-04-26,2026-05-02,6,1332,93,15,25,2026-05-02,false
demo-3br-07-r45,demo-3br-07,2026-05-03,2026-05-04,1,81,91,14,27,2026-05-04,false
demo-3br-07-r46,demo-3br-07,2026-05-05,2026-05-10,5,999,94,13,24,2026-05-10,true
demo-3br-07-r47,demo-3br-07,2026-05-10,2026-05-11,1,99,95,23,29,2026-05-11,false
demo-3br-07-r48,demo-3br-07,2026-05-11,2026-05-13,2,463,89,18,24,2026-05-13,false
demo-3br-07-r49,demo-3br-07,2026-05-13,2026-05-19,6,1428,88,19,26,2026-05-19,false
demo-3br-07-r50,demo-3br-07,2026-05-19,2026-05-24,5,916,89,18,24,2026-05-24,true
demo-3br-07-r51,demo-3br-07,2026-05-25,2026-05-26,1,220,92,18,28,2026-05-26,false
demo-3br-07-r52,demo-3br-07,2026-05-26,2026-05-28,2,227,90,24,27,2026-05-28,false
demo-3br-07-r53,demo-3br-07,2026-05-29,2026-05-31,2,165,89,21,25,2026-05-31,true
demo-3br-07-r54,demo-3br-07,2026-06-01,2026-06-03,2,194,90,20,26,2026-06-03,false
demo-3br-07-r55,demo-3br-07,2026-06-03,2026-06-04,1,114,95,22,22,2026-06-04,false
demo-3br-07-r56,demo-3br-07,2026-06-05,2026-06-06,1,73,94,23,28,2026-06-06,false
demo-3br-07-r57,demo-3br-07,2026-06-06,2026-06-08,2,176,89,15,29,2026-06-08,false
demo-3br-07-r58,demo-3br-07,2026-06-09,2026-06-11,2,433,90,23,23,2026-06-11,false
demo-3br-07-r59,demo-3br-07,2026-06-11,2026-06-13,2,502,88,22,25,2026-06-13,false
demo-3br-07-r60,demo-3br-07,2026-06-13,2026-06-14,1,95,87,12,27,2026-06-14,true
demo-3br-07-r61,demo-3br-07,2026-06-15,2026-06-21,6,1003,94,15,22,2026-06-21,true
demo-3br-07-r62,demo-3br-07,2026-06-22,2026-06-23,1,86,86,18,24,2026-06-23,false
demo-3br-07-r63,demo-3br-07,2026-06-24,2026-06-25,1,194,91,23,26,2026-06-25,false
demo-3br-07-r64,demo-3br-07,2026-06-25,2026-06-27,2,377,94,25,23,2026-06-27,false
demo-3br-07-r65,demo-3br-07,2026-06-28,2026-07-01,3,585,93,14,25,2026-07-01,false
demo-3br-07-r66,demo-3br-07,2026-07-02,2026-07-03,1,196,95,15,24,2026-07-03,false
demo-3br-07-r67,demo-3br-07,2026-07-03,2026-07-05,2,186,87,21,27,2026-07-05,true
demo-3br-07-r68,demo-3br-07,2026-07-06,2026-07-07,1,90,94,16,28,2026-07-07,false
demo-3br-07-r69,demo-3br-07,2026-07-07,2026-07-08,1,90,88,21,27,2026-07-08,false
demo-3br-07-r70,demo-3br-07,2026-07-09,2026-07-15,6,1471,92,17,25,2026-07-15,false
demo-3br-07-r71,demo-3br-07,2026-07-16,2026-07-17,1,75,94,18,23,2026-07-17,false
demo-3br-07-r72,demo-3br-07,2026-07-17,2026-07-18,1,160,87,23,24,2026-07-18,false
demo-3br-07-r73,demo-3br-07,2026-07-19,2026-07-20,1,202,89,25,29,2026-07-20,false
demo-3br-07-r74,demo-3br-07,2026-07-21,2026-07-23,2,444,88,15,22,2026-07-23,false
demo-3br-07-r75,demo-3br-07,2026-07-24,2026-07-25,1,193,92,22,26,2026-07-25,false
demo-3br-07-r76,demo-3br-07,2026-07-26,2026-07-27,1,195,88,16,28,2026-07-27,false
demo-3br-07-r77,demo-3br-07,2026-07-28,2026-07-30,2,157,86,20,29,2026-07-30,false
demo-3br-07-r78,demo-3br-07,2026-07-31,2026-08-02,2,149,88,13,27,2026-08-02,true
demo-3br-07-r79,demo-3br-07,2026-08-02,2026-08-03,1,248,92,19,24,2026-08-03,false
demo-3br-07-r80,demo-3br-07,2026-08-03,2026-08-07,4,835,88,12,30,2026-08-07,false
demo-3br-07-r81,demo-3br-07,2026-08-07,2026-08-08,1,100,86,25,22,2026-08-08,false
demo-3br-07-r82,demo-3br-07,2026-08-09,2026-08-10,1,73,93,17,26,2026-08-10,false
demo-3br-07-r83,demo-3br-07,2026-08-11,2026-08-14,3,488,88,15,29,2026-08-14,false
demo-3br-07-r84,demo-3br-07,2026-08-15,2026-08-18,3,556,90,14,26,2026-08-18,false
demo-3br-07-r85,demo-3br-07,2026-08-19,2026-08-20,1,81,91,16,23,2026-08-20,false
demo-3br-07-r86,demo-3br-07,2026-08-20,2026-08-25,5,931,85,22,26,2026-08-25,false
demo-3br-07-r87,demo-3br-07,2026-08-25,2026-08-26,1,86,92,18,23,2026-08-26,false
demo-3br-07-r88,demo-3br-07,2026-08-27,2026-08-28,1,76,86,19,24,2026-08-28,false
demo-3br-07-r89,demo-3br-07,2026-08-29,2026-09-01,3,566,88,23,28,2026-09-01,false
demo-3br-07-r90,demo-3br-07,2026-09-02,2026-09-04,2,235,88,18,30,2026-09-04,false
demo-3br-07-r91,demo-3br-07,2026-09-05,2026-09-06,1,174,88,21,26,2026-09-06,true
demo-3br-07-r92,demo-3br-07,2026-09-06,2026-09-07,1,92,90,15,24,2026-09-07,false
demo-3br-07-r93,demo-3br-07,2026-09-08,2026-09-10,2,420,89,16,24,2026-09-10,false
demo-3br-07-r94,demo-3br-07,2026-09-10,2026-09-11,1,101,86,13,25,2026-09-11,false
demo-3br-07-r95,demo-3br-07,2026-09-12,2026-09-18,6,1354,94,19,23,2026-09-18,false
demo-3br-07-r96,demo-3br-07,2026-09-18,2026-09-19,1,190,90,19,27,2026-09-19,false
demo-3br-07-r97,demo-3br-07,2026-09-19,2026-09-21,2,202,88,15,24,2026-09-21,false
demo-3br-07-r98,demo-3br-07,2026-09-22,2026-09-23,1,103,88,24,29,2026-09-23,false
demo-3br-07-r99,demo-3br-07,2026-09-23,2026-09-24,1,175,90,23,24,2026-09-24,false
demo-3br-07-r100,demo-3br-07,2026-09-25,2026-09-26,1,106,87,15,26,2026-09-26,false
demo-3br-07-r101,demo-3br-07,2026-09-26,2026-09-29,3,693,85,23,24,2026-09-29,false
demo-3br-07-r102,demo-3br-07,2026-09-29,2026-09-30,1,76,94,25,30,2026-09-30,false
demo-3br-07-r103,demo-3br-07,2026-09-30,2026-10-02,2,399,94,20,26,2026-10-02,false
demo-3br-07-r104,demo-3br-07,2026-10-03,2026-10-04,1,234,89,13,27,2026-10-04,true
demo-3br-07-r105,demo-3br-07,2026-10-04,2026-10-05,1,256,85,16,25,2026-10-05,false
demo-3br-07-r106,demo-3br-07,2026-10-05,2026-10-08,3,563,91,21,29,2026-10-08,false
demo-3br-07-r107,demo-3br-07,2026-10-09,2026-10-13,4,953,91,24,25,2026-10-13,false
demo-3br-07-r108,demo-3br-07,2026-10-14,2026-10-16,2,146,92,14,24,2026-10-16,false
demo-3br-07-r109,demo-3br-07,2026-10-16,2026-10-17,1,111,87,21,25,2026-10-17,false
demo-3br-07-r110,demo-3br-07,2026-10-17,2026-10-18,1,182,94,15,29,2026-10-18,true
demo-3br-07-r111,demo-3br-07,2026-10-19,2026-10-20,1,159,86,23,28,2026-10-20,false
demo-3br-07-r112,demo-3br-07,2026-10-21,2026-10-24,3,499,93,18,25,2026-10-24,false
demo-3br-07-r113,demo-3br-07,2026-10-24,2026-10-26,2,191,95,24,25,2026-10-26,false
demo-3br-07-r114,demo-3br-07,2026-10-27,2026-10-29,2,424,87,22,29,2026-10-29,false
demo-3br-07-r115,demo-3br-07,2026-10-29,2026-10-31,2,438,93,13,23,2026-10-31,false
demo-3br-07-r116,demo-3br-07,2026-11-01,2026-11-02,1,92,88,23,25,2026-11-02,false
demo-3br-07-r117,demo-3br-07,2026-11-03,2026-11-04,1,185,92,21,29,2026-11-04,false
demo-3br-07-r118,demo-3br-07,2026-11-05,2026-11-06,1,87,87,13,29,2026-11-06,false
demo-3br-07-r119,demo-3br-07,2026-11-07,2026-11-08,1,105,86,12,26,2026-11-08,true
demo-3br-07-r120,demo-3br-07,2026-11-08,2026-11-09,1,238,87,21,29,2026-11-09,false
demo-3br-07-r121,demo-3br-07,2026-11-10,2026-11-12,2,155,86,21,29,2026-11-12,false
demo-3br-07-r122,demo-3br-07,2026-11-13,2026-11-14,1,105,87,18,26,2026-11-14,false
demo-3br-07-r123,demo-3br-07,2026-11-15,2026-11-16,1,113,93,21,29,2026-11-16,false
demo-3br-07-r124,demo-3br-07,2026-11-17,2026-11-18,1,95,92,13,26,2026-11-18,false
demo-3br-07-r125,demo-3br-07,2026-11-19,2026-11-22,3,735,95,18,30,2026-11-22,true
demo-3br-07-r126,demo-3br-07,2026-11-22,2026-11-23,1,97,88,21,23,2026-11-23,false
demo-3br-07-r127,demo-3br-07,2026-11-24,2026-12-01,7,1634,92,12,24,2026-12-01,false
demo-3br-07-r128,demo-3br-07,2026-12-01,2026-12-03,2,416,93,16,24,2026-12-03,false
demo-3br-07-r129,demo-3br-07,2026-12-04,2026-12-05,1,255,93,19,24,2026-12-05,false
demo-3br-07-r130,demo-3br-07,2026-12-06,2026-12-07,1,214,92,25,22,2026-12-07,false
demo-3br-07-r131,demo-3br-07,2026-12-07,2026-12-08,1,80,88,23,24,2026-12-08,false
demo-3br-07-r132,demo-3br-07,2026-12-09,2026-12-10,1,112,88,20,22,2026-12-10,false
demo-3br-07-r133,demo-3br-07,2026-12-10,2026-12-12,2,335,93,22,28,2026-12-12,false
demo-3br-07-r134,demo-3br-07,2026-12-12,2026-12-15,3,776,92,21,24,2026-12-15,false
demo-3br-07-r135,demo-3br-07,2026-12-16,2026-12-17,1,236,87,15,25,2026-12-17,false
demo-3br-07-r136,demo-3br-07,2026-12-17,2026-12-18,1,209,94,21,30,2026-12-18,false
demo-3br-07-r137,demo-3br-07,2026-12-18,2026-12-19,1,117,88,12,25,2026-12-19,false
demo-3br-07-r138,demo-3br-07,2026-12-20,2026-12-24,4,955,93,18,30,2026-12-24,false
demo-3br-07-r139,demo-3br-07,2026-12-25,2026-12-26,1,254,85,17,26,2026-12-26,false
demo-3br-07-r140,demo-3br-07,2026-12-27,2026-12-29,2,225,92,19,28,2026-12-29,false
demo-3br-07-r141,demo-3br-07,2026-12-29,2026-12-31,2,227,91,19,25,2026-12-31,false
demo-3br-08-r1,demo-3br-08,2026-01-01,2026-01-02,1,115,95,22,27,2026-01-02,false
demo-3br-08-r2,demo-3br-08,2026-01-02,2026-01-07,5,943,92,22,28,2026-01-07,false
demo-3br-08-r3,demo-3br-08,2026-01-07,2026-01-08,1,108,89,23,29,2026-01-08,false
demo-3br-08-r4,demo-3br-08,2026-01-08,2026-01-11,3,894,85,17,30,2026-01-11,true
demo-3br-08-r5,demo-3br-08,2026-01-11,2026-01-17,6,1436,86,13,24,2026-01-17,false
demo-3br-08-r6,demo-3br-08,2026-01-17,2026-01-18,1,260,90,16,23,2026-01-18,true
demo-3br-08-r7,demo-3br-08,2026-01-18,2026-01-19,1,208,93,21,24,2026-01-19,false
demo-3br-08-r8,demo-3br-08,2026-01-19,2026-01-21,2,182,92,21,28,2026-01-21,false
demo-3br-08-r9,demo-3br-08,2026-01-21,2026-01-24,3,575,86,12,30,2026-01-24,false
demo-3br-08-r10,demo-3br-08,2026-01-24,2026-01-25,1,268,87,23,24,2026-01-25,true
demo-3br-08-r11,demo-3br-08,2026-01-25,2026-01-26,1,137,94,18,28,2026-01-26,false
demo-3br-08-r12,demo-3br-08,2026-01-26,2026-01-28,2,229,88,24,25,2026-01-28,false
demo-3br-08-r13,demo-3br-08,2026-01-28,2026-01-30,2,275,87,23,27,2026-01-30,false
demo-3br-08-r14,demo-3br-08,2026-01-30,2026-01-31,1,125,90,18,25,2026-01-31,false
demo-3br-08-r15,demo-3br-08,2026-01-31,2026-02-01,1,232,87,18,22,2026-02-01,true
demo-3br-08-r16,demo-3br-08,2026-02-01,2026-02-04,3,838,90,23,23,2026-02-04,false
demo-3br-08-r17,demo-3br-08,2026-02-04,2026-02-09,5,1472,92,18,24,2026-02-09,false
demo-3br-08-r18,demo-3br-08,2026-02-09,2026-02-13,4,1125,94,14,23,2026-02-13,false
demo-3br-08-r19,demo-3br-08,2026-02-13,2026-02-15,2,219,91,17,27,2026-02-15,true
demo-3br-08-r20,demo-3br-08,2026-02-15,2026-02-20,5,1471,85,17,27,2026-02-20,false
demo-3br-08-r21,demo-3br-08,2026-02-20,2026-02-24,4,766,90,22,27,2026-02-24,false
demo-3br-08-r22,demo-3br-08,2026-02-24,2026-02-25,1,136,93,15,27,2026-02-25,false
demo-3br-08-r23,demo-3br-08,2026-02-25,2026-02-27,2,435,92,16,30,2026-02-27,false
demo-3br-08-r24,demo-3br-08,2026-02-27,2026-03-01,2,166,94,24,23,2026-03-01,true
demo-3br-08-r25,demo-3br-08,2026-03-01,2026-03-06,5,1501,86,22,23,2026-03-06,false
demo-3br-08-r26,demo-3br-08,2026-03-06,2026-03-09,3,857,86,15,25,2026-03-09,false
demo-3br-08-r27,demo-3br-08,2026-03-09,2026-03-11,2,200,88,25,28,2026-03-11,false
demo-3br-08-r28,demo-3br-08,2026-03-11,2026-03-14,3,861,85,16,28,2026-03-14,false
demo-3br-08-r29,demo-3br-08,2026-03-14,2026-03-15,1,258,87,12,23,2026-03-15,true
demo-3br-08-r30,demo-3br-08,2026-03-15,2026-03-16,1,226,87,24,26,2026-03-16,false
demo-3br-08-r31,demo-3br-08,2026-03-16,2026-03-17,1,108,88,14,28,2026-03-17,false
demo-3br-08-r32,demo-3br-08,2026-03-17,2026-03-20,3,798,94,19,23,2026-03-20,false
demo-3br-08-r33,demo-3br-08,2026-03-20,2026-03-21,1,293,91,17,23,2026-03-21,false
demo-3br-08-r34,demo-3br-08,2026-03-21,2026-03-22,1,113,86,18,27,2026-03-22,true
demo-3br-08-r35,demo-3br-08,2026-03-22,2026-03-23,1,222,88,20,24,2026-03-23,false
demo-3br-08-r36,demo-3br-08,2026-03-23,2026-03-25,2,274,88,14,25,2026-03-25,false
demo-3br-08-r37,demo-3br-08,2026-03-25,2026-03-26,1,89,87,20,29,2026-03-26,false
demo-3br-08-r38,demo-3br-08,2026-03-26,2026-03-27,1,97,89,24,25,2026-03-27,false
demo-3br-08-r39,demo-3br-08,2026-03-27,2026-03-28,1,197,88,21,23,2026-03-28,false
demo-3br-08-r40,demo-3br-08,2026-03-28,2026-04-02,5,1173,91,14,24,2026-04-02,false
demo-3br-08-r41,demo-3br-08,2026-04-02,2026-04-03,1,126,85,15,30,2026-04-03,false
demo-3br-08-r42,demo-3br-08,2026-04-03,2026-04-05,2,482,94,15,30,2026-04-05,true
demo-3br-08-r43,demo-3br-08,2026-04-05,2026-04-07,2,511,92,19,23,2026-04-07,false
demo-3br-08-r44,demo-3br-08,2026-04-07,2026-04-08,1,233,94,24,27,2026-04-08,false
demo-3br-08-r45,demo-3br-08,2026-04-08,2026-04-09,1,137,91,22,25,2026-04-09,false
demo-3br-08-r46,demo-3br-08,2026-04-09,2026-04-11,2,392,87,12,23,2026-04-11,false
demo-3br-08-r47,demo-3br-08,2026-04-11,2026-04-14,3,755,88,18,24,2026-04-14,false
demo-3br-08-r48,demo-3br-08,2026-04-14,2026-04-19,5,945,89,15,27,2026-04-19,true
demo-3br-08-r49,demo-3br-08,2026-04-19,2026-04-22,3,750,91,18,25,2026-04-22,false
demo-3br-08-r50,demo-3br-08,2026-04-22,2026-04-24,2,271,90,23,30,2026-04-24,false
demo-3br-08-r51,demo-3br-08,2026-04-24,2026-04-25,1,106,93,24,23,2026-04-25,false
demo-3br-08-r52,demo-3br-08,2026-04-25,2026-04-27,2,172,86,23,24,2026-04-27,false
demo-3br-08-r53,demo-3br-08,2026-04-27,2026-04-29,2,598,87,16,28,2026-04-29,false
demo-3br-08-r54,demo-3br-08,2026-04-29,2026-04-30,1,117,85,22,26,2026-04-30,false
demo-3br-08-r55,demo-3br-08,2026-04-30,2026-05-01,1,251,88,23,27,2026-05-01,false
demo-3br-08-r56,demo-3br-08,2026-05-01,2026-05-04,3,854,92,20,26,2026-05-04,false
demo-3br-08-r57,demo-3br-08,2026-05-04,2026-05-06,2,183,88,17,29,2026-05-06,false
demo-3br-08-r58,demo-3br-08,2026-05-06,2026-05-07,1,273,90,14,23,2026-05-07,false
demo-3br-08-r59,demo-3br-08,2026-05-07,2026-05-08,1,281,91,19,29,2026-05-08,false
demo-3br-08-r60,demo-3br-08,2026-05-08,2026-05-09,1,116,93,20,26,2026-05-09,false
demo-3br-08-r61,demo-3br-08,2026-05-09,2026-05-15,6,1475,93,22,26,2026-05-15,false
demo-3br-08-r62,demo-3br-08,2026-05-15,2026-05-17,2,228,95,20,23,2026-05-17,true
demo-3br-08-r63,demo-3br-08,2026-05-17,2026-05-22,5,1303,88,24,24,2026-05-22,false
demo-3br-08-r64,demo-3br-08,2026-05-22,2026-05-23,1,225,95,12,27,2026-05-23,false
demo-3br-08-r65,demo-3br-08,2026-05-23,2026-05-27,4,763,88,16,24,2026-05-27,false
demo-3br-08-r66,demo-3br-08,2026-05-27,2026-05-28,1,292,92,16,23,2026-05-28,false
demo-3br-08-r67,demo-3br-08,2026-05-28,2026-05-29,1,296,88,21,28,2026-05-29,false
demo-3br-08-r68,demo-3br-08,2026-05-29,2026-06-01,3,602,87,20,29,2026-06-01,false
demo-3br-08-r69,demo-3br-08,2026-06-01,2026-06-04,3,624,93,21,30,2026-06-04,false
demo-3br-08-r70,demo-3br-08,2026-06-04,2026-06-05,1,119,94,21,30,2026-06-05,false
demo-3br-08-r71,demo-3br-08,2026-06-05,2026-06-08,3,884,87,15,28,2026-06-08,false
demo-3br-08-r72,demo-3br-08,2026-06-08,2026-06-09,1,116,90,20,28,2026-06-09,false
demo-3br-08-r73,demo-3br-08,2026-06-09,2026-06-11,2,182,87,20,27,2026-06-11,false
demo-3br-08-r74,demo-3br-08,2026-06-11,2026-06-12,1,129,86,23,28,2026-06-12,false
demo-3br-08-r75,demo-3br-08,2026-06-12,2026-06-16,4,804,94,15,28,2026-06-16,false
demo-3br-08-r76,demo-3br-08,2026-06-16,2026-06-17,1,232,89,22,24,2026-06-17,false
demo-3br-08-r77,demo-3br-08,2026-06-17,2026-06-20,3,626,94,17,25,2026-06-20,false
demo-3br-08-r78,demo-3br-08,2026-06-20,2026-06-24,4,1129,89,23,28,2026-06-24,false
demo-3br-08-r79,demo-3br-08,2026-06-24,2026-06-26,2,218,90,22,27,2026-06-26,false
demo-3br-08-r80,demo-3br-08,2026-06-26,2026-06-30,4,1055,94,24,22,2026-06-30,false
demo-3br-08-r81,demo-3br-08,2026-06-30,2026-07-01,1,136,88,12,24,2026-07-01,false
demo-3br-08-r82,demo-3br-08,2026-07-01,2026-07-06,5,955,89,13,30,2026-07-06,false
demo-3br-08-r83,demo-3br-08,2026-07-06,2026-07-08,2,224,91,18,25,2026-07-08,false
demo-3br-08-r84,demo-3br-08,2026-07-08,2026-07-09,1,88,88,17,29,2026-07-09,false
demo-3br-08-r85,demo-3br-08,2026-07-09,2026-07-14,5,1084,90,19,24,2026-07-14,false
demo-3br-08-r86,demo-3br-08,2026-07-14,2026-07-17,3,571,94,18,28,2026-07-17,false
demo-3br-08-r87,demo-3br-08,2026-07-17,2026-07-18,1,128,95,17,28,2026-07-18,false
demo-3br-08-r88,demo-3br-08,2026-07-18,2026-07-19,1,208,87,22,23,2026-07-19,true
demo-3br-08-r89,demo-3br-08,2026-07-19,2026-07-20,1,189,94,18,29,2026-07-20,false
demo-3br-08-r90,demo-3br-08,2026-07-20,2026-07-23,3,865,90,16,22,2026-07-23,false
demo-3br-08-r91,demo-3br-08,2026-07-23,2026-07-27,4,1058,93,22,24,2026-07-27,false
demo-3br-08-r92,demo-3br-08,2026-07-27,2026-07-29,2,247,95,16,27,2026-07-29,false
demo-3br-08-r93,demo-3br-08,2026-07-29,2026-08-01,3,802,92,14,27,2026-08-01,false
demo-3br-08-r94,demo-3br-08,2026-08-01,2026-08-03,2,458,90,16,30,2026-08-03,false
demo-3br-08-r95,demo-3br-08,2026-08-03,2026-08-06,3,638,92,19,27,2026-08-06,false
demo-3br-08-r96,demo-3br-08,2026-08-06,2026-08-07,1,111,86,22,22,2026-08-07,false
demo-3br-08-r97,demo-3br-08,2026-08-07,2026-08-10,3,664,90,21,28,2026-08-10,false
demo-3br-08-r98,demo-3br-08,2026-08-10,2026-08-13,3,603,93,23,27,2026-08-13,false
demo-3br-08-r99,demo-3br-08,2026-08-13,2026-08-17,4,908,92,12,24,2026-08-17,false
demo-3br-08-r100,demo-3br-08,2026-08-17,2026-08-18,1,116,90,14,23,2026-08-18,false
demo-3br-08-r101,demo-3br-08,2026-08-18,2026-08-19,1,242,93,24,25,2026-08-19,false
demo-3br-08-r102,demo-3br-08,2026-08-19,2026-08-21,2,171,86,14,30,2026-08-21,false
demo-3br-08-r103,demo-3br-08,2026-08-21,2026-08-25,4,861,91,21,28,2026-08-25,false
demo-3br-08-r104,demo-3br-08,2026-08-25,2026-08-30,5,1514,86,24,27,2026-08-30,true
demo-3br-08-r105,demo-3br-08,2026-08-30,2026-08-31,1,125,87,20,28,2026-08-31,false
demo-3br-08-r106,demo-3br-08,2026-08-31,2026-09-01,1,225,87,13,24,2026-09-01,false
demo-3br-08-r107,demo-3br-08,2026-09-01,2026-09-05,4,882,85,12,27,2026-09-05,false
demo-3br-08-r108,demo-3br-08,2026-09-05,2026-09-11,6,1342,95,15,29,2026-09-11,false
demo-3br-08-r109,demo-3br-08,2026-09-11,2026-09-12,1,85,90,24,26,2026-09-12,false
demo-3br-08-r110,demo-3br-08,2026-09-12,2026-09-14,2,210,86,22,27,2026-09-14,false
demo-3br-08-r111,demo-3br-08,2026-09-14,2026-09-16,2,197,89,22,30,2026-09-16,false
demo-3br-08-r112,demo-3br-08,2026-09-16,2026-09-17,1,135,91,21,30,2026-09-17,false
demo-3br-08-r113,demo-3br-08,2026-09-17,2026-09-19,2,248,88,21,28,2026-09-19,false
demo-3br-08-r114,demo-3br-08,2026-09-19,2026-09-22,3,771,92,20,29,2026-09-22,false
demo-3br-08-r115,demo-3br-08,2026-09-22,2026-09-23,1,292,87,18,30,2026-09-23,false
demo-3br-08-r116,demo-3br-08,2026-09-23,2026-09-25,2,416,95,25,26,2026-09-25,false
demo-3br-08-r117,demo-3br-08,2026-09-25,2026-09-30,5,1195,92,23,27,2026-09-30,false
demo-3br-08-r118,demo-3br-08,2026-09-30,2026-10-04,4,841,92,14,26,2026-10-04,true
demo-3br-08-r119,demo-3br-08,2026-10-04,2026-10-05,1,264,95,22,29,2026-10-05,false
demo-3br-08-r120,demo-3br-08,2026-10-05,2026-10-06,1,115,94,13,28,2026-10-06,false
demo-3br-08-r121,demo-3br-08,2026-10-06,2026-10-10,4,1070,94,24,25,2026-10-10,false
demo-3br-08-r122,demo-3br-08,2026-10-10,2026-10-17,7,1536,93,24,22,2026-10-17,false
demo-3br-08-r123,demo-3br-08,2026-10-17,2026-10-20,3,875,88,14,27,2026-10-20,false
demo-3br-08-r124,demo-3br-08,2026-10-20,2026-10-21,1,132,88,22,23,2026-10-21,false
demo-3br-08-r125,demo-3br-08,2026-10-21,2026-10-23,2,407,94,15,27,2026-10-23,false
demo-3br-08-r126,demo-3br-08,2026-10-23,2026-10-26,3,894,90,17,23,2026-10-26,false
demo-3br-08-r127,demo-3br-08,2026-10-26,2026-10-27,1,275,93,15,26,2026-10-27,false
demo-3br-08-r128,demo-3br-08,2026-10-27,2026-10-29,2,486,87,21,24,2026-10-29,false
demo-3br-08-r129,demo-3br-08,2026-10-29,2026-10-30,1,305,89,19,25,2026-10-30,false
demo-3br-08-r130,demo-3br-08,2026-10-30,2026-10-31,1,84,95,17,24,2026-10-31,false
demo-3br-08-r131,demo-3br-08,2026-10-31,2026-11-02,2,583,87,18,29,2026-11-02,false
demo-3br-08-r132,demo-3br-08,2026-11-02,2026-11-04,2,223,86,16,24,2026-11-04,false
demo-3br-08-r133,demo-3br-08,2026-11-04,2026-11-05,1,238,89,23,24,2026-11-05,false
demo-3br-08-r134,demo-3br-08,2026-11-05,2026-11-11,6,1361,94,20,27,2026-11-11,false
demo-3br-08-r135,demo-3br-08,2026-11-11,2026-11-12,1,116,86,17,26,2026-11-12,false
demo-3br-08-r136,demo-3br-08,2026-11-12,2026-11-15,3,688,90,23,28,2026-11-15,true
demo-3br-08-r137,demo-3br-08,2026-11-15,2026-11-19,4,1073,91,23,24,2026-11-19,false
demo-3br-08-r138,demo-3br-08,2026-11-19,2026-11-20,1,113,94,14,26,2026-11-20,false
demo-3br-08-r139,demo-3br-08,2026-11-20,2026-11-24,4,1184,88,24,30,2026-11-24,false
demo-3br-08-r140,demo-3br-08,2026-11-24,2026-11-26,2,539,88,15,23,2026-11-26,false
demo-3br-08-r141,demo-3br-08,2026-11-26,2026-11-27,1,126,88,25,26,2026-11-27,false
demo-3br-08-r142,demo-3br-08,2026-11-27,2026-11-28,1,219,91,24,25,2026-11-28,false
demo-3br-08-r143,demo-3br-08,2026-11-28,2026-11-30,2,262,94,15,30,2026-11-30,false
demo-3br-08-r144,demo-3br-08,2026-11-30,2026-12-01,1,98,91,19,22,2026-12-01,false
demo-3br-08-r145,demo-3br-08,2026-12-01,2026-12-03,2,205,88,17,27,2026-12-03,false
demo-3br-08-r146,demo-3br-08,2026-12-03,2026-12-07,4,1000,95,17,25,2026-12-07,false
demo-3br-08-r147,demo-3br-08,2026-12-07,2026-12-09,2,385,93,15,29,2026-12-09,false
demo-3br-08-r148,demo-3br-08,2026-12-09,2026-12-12,3,919,85,20,26,2026-12-12,false
demo-3br-08-r149,demo-3br-08,2026-12-12,2026-12-13,1,303,93,16,24,2026-12-13,true
demo-3br-08-r150,demo-3br-08,2026-12-13,2026-12-15,2,169,86,24,27,2026-12-15,false
demo-3br-08-r151,demo-3br-08,2026-12-15,2026-12-17,2,546,93,21,23,2026-12-17,false
demo-3br-08-r152,demo-3br-08,2026-12-17,2026-12-20,3,616,88,18,24,2026-12-20,true
demo-3br-08-r153,demo-3br-08,2026-12-20,2026-12-21,1,192,94,17,23,2026-12-21,false
demo-3br-08-r154,demo-3br-08,2026-12-21,2026-12-23,2,508,90,23,25,2026-12-23,false
demo-3br-08-r155,demo-3br-08,2026-12-23,2026-12-27,4,1026,90,13,26,2026-12-27,true
demo-3br-08-r156,demo-3br-08,2026-12-27,2026-12-28,1,306,91,12,24,2026-12-28,false
demo-3br-08-r157,demo-3br-08,2026-12-28,2027-01-03,6,1356,93,16,25,2027-01-03,true
